CustomerID,Recency_x,Frequency,Monetary,Cluster_KMeans,Cluster_GMM,Cluster_HDBSCAN,CLV,Recency_y,Churned
12346.0,326,1,77183.6,3,3,27,77183.6,326,1
12347.0,2,7,4310.0,0,0,24,4310.0,2,0
12348.0,75,4,1797.24,0,0,22,1797.24,75,0
12349.0,19,1,1757.55,0,0,19,1757.55,19,0
12350.0,310,1,334.4,1,1,3,334.4,310,1
12352.0,36,8,2506.04,0,0,24,2506.04,36,0
12353.0,204,1,89.0,1,1,4,89.0,204,1
12354.0,232,1,1079.4,1,3,10,1079.4,232,1
12355.0,214,1,459.4,1,1,4,459.4,214,1
12356.0,23,3,2811.43,0,0,20,2811.43,23,0
12357.0,33,1,6207.67,0,3,22,6207.67,33,0
12358.0,2,2,1168.06,0,0,12,1168.06,2,0
12359.0,58,4,6372.58,0,3,22,6372.58,58,0
12360.0,52,3,2662.06,0,0,-1,2662.06,52,0
12361.0,287,1,189.9,1,1,3,189.9,287,1
12362.0,3,10,5226.2300000000005,0,3,27,5226.2300000000005,3,0
12363.0,110,2,552.0,0,1,8,552.0,110,1
12364.0,8,4,1313.1,0,0,22,1313.1,8,0
12365.0,291,2,641.38,1,1,2,641.38,291,1
12367.0,4,1,168.9,0,1,11,168.9,4,0
12370.0,51,4,3545.69,0,0,22,3545.69,51,0
12371.0,45,2,1887.96,0,0,13,1887.96,45,0
12372.0,72,3,1298.04,0,0,20,1298.04,72,0
12373.0,311,1,364.6,1,1,3,364.6,311,1
12374.0,25,1,742.9300000000001,0,0,19,742.9300000000001,25,0
12375.0,11,2,457.5,0,1,12,457.5,11,0
12377.0,315,2,1628.12,1,3,2,1628.1200000000001,315,1
12378.0,130,1,4008.62,0,3,8,4008.62,130,1
12379.0,82,2,852.24,0,1,13,852.24,82,0
12380.0,22,4,2724.81,0,0,22,2724.81,22,0
12381.0,5,5,1845.31,0,0,6,1845.31,5,0
12383.0,185,5,1850.56,1,3,21,1850.56,185,1
12384.0,29,2,585.27,0,1,13,585.27,29,0
12386.0,338,2,401.9,1,1,2,401.9,338,1
12388.0,16,6,2780.66,0,0,23,2780.66,16,0
12390.0,80,1,549.84,0,1,1,549.84,80,0
12391.0,22,1,460.89,0,1,19,460.89,22,0
12393.0,72,4,1582.6,0,0,22,1582.6000000000001,72,0
12394.0,64,2,1272.48,0,0,13,1272.48,64,0
12395.0,19,12,3018.63,0,0,27,3018.63,19,0
12397.0,36,2,2409.9,0,0,13,2409.9,36,0
12398.0,46,1,1635.66,0,0,1,1635.6599999999999,46,0
12399.0,119,4,1108.65,0,0,21,1108.65,119,1
12401.0,303,1,84.3,1,1,3,84.3,303,1
12402.0,323,1,225.6,1,1,3,225.60000000000002,323,1
12403.0,50,1,427.7,0,1,1,427.7,50,0
12405.0,149,1,1710.39,1,3,1,1710.39,149,1
12406.0,22,2,3415.3,0,0,20,3415.3,22,0
12407.0,50,5,1708.12,0,0,21,1708.12,50,0
12408.0,33,5,2888.55,0,0,6,2888.55,33,0
12409.0,79,3,11072.67,0,3,-1,11072.67,79,0
12410.0,309,2,693.3299999999999,1,1,2,693.3299999999999,309,1
12412.0,75,3,1226.88,0,0,20,1226.88,75,0
12413.0,67,3,758.1,0,0,20,758.1,67,0
12414.0,217,3,562.41,1,1,2,562.41,217,1
12415.0,24,21,124914.53,2,2,27,124914.53,24,0
12417.0,3,9,3649.1,0,0,25,3649.1,3,0
12418.0,113,1,668.58,0,1,1,668.58,113,1
12420.0,64,1,600.39,0,1,1,600.39,64,0
12421.0,16,4,807.04,0,0,22,807.04,16,0
12422.0,96,3,803.5600000000001,0,1,20,803.5600000000001,96,1
12423.0,1,8,1859.31,0,0,17,1859.31,1,0
12424.0,163,2,1760.96,1,3,8,1760.96,163,1
12425.0,78,1,777.2,0,0,1,777.2,78,0
12426.0,195,1,582.73,1,1,4,582.73,195,1
12427.0,22,3,825.8,0,0,20,825.8,22,0
12428.0,26,9,7956.46,0,3,26,7956.46,26,0
12429.0,9,4,3750.4,0,0,22,3750.4,9,0
12430.0,43,1,256.4,0,1,7,256.4,43,0
12431.0,36,15,6487.45,3,3,27,6487.45,36,0
12432.0,43,5,5059.32,0,3,-1,5059.32,43,0
12433.0,1,7,13375.87,0,3,-1,13375.87,1,0
12434.0,85,2,806.14,0,1,13,806.14,85,0
12435.0,80,2,7829.89,0,3,22,7829.89,80,0
12436.0,100,1,509.01,0,1,1,509.01,100,1
12437.0,2,18,4951.41,3,3,27,4951.41,2,0
12438.0,14,2,2906.85,0,0,20,2906.85,14,0
12441.0,367,1,173.55,1,1,0,173.55,367,1
12442.0,3,1,172.06,0,1,11,172.06,3,0
12444.0,21,5,5005.46,0,3,22,5005.46,21,0
12445.0,22,1,133.4,0,1,19,133.4,22,0
12446.0,58,1,1002.31,0,0,1,1002.3100000000001,58,0
12447.0,243,1,476.49,1,1,10,476.49,243,1
12448.0,44,1,449.45,0,1,7,449.45,44,0
12449.0,22,4,4067.29,0,3,22,4067.29,22,0
12450.0,156,2,197.88,1,1,8,197.88,156,1
12451.0,11,5,9035.52,0,3,26,9035.52,11,0
12452.0,17,2,430.57,0,1,13,430.57,17,0
12453.0,134,1,707.09,0,1,1,707.09,134,1
12454.0,56,1,3528.34,0,3,13,3528.34,56,0
12455.0,73,6,2466.86,0,0,21,2466.86,73,0
12456.0,44,3,3181.04,0,0,-1,3181.04,44,0
12457.0,66,7,2363.23,0,0,21,2363.23,66,0
12458.0,71,2,947.4,0,0,13,947.4,71,0
12461.0,94,2,826.88,0,1,13,826.88,94,1
12462.0,19,2,1189.59,0,0,13,1189.59,19,0
12463.0,53,4,1344.78,0,0,22,1344.78,53,0
12464.0,10,8,1212.05,0,0,17,1212.05,10,0
12465.0,17,2,742.1899999999999,0,1,13,742.1899999999999,17,0
12468.0,188,2,729.54,1,1,2,729.54,188,1
12471.0,2,30,19824.05,3,2,27,19824.05,2,0
12472.0,32,7,6572.11,0,3,26,6572.11,32,0
12473.0,29,5,3938.55,0,0,-1,3938.5499999999997,29,0
12474.0,17,18,7375.79,3,3,27,7375.79,17,0
12475.0,54,1,723.38,0,0,1,723.38,54,0
12476.0,16,11,6816.42,0,3,27,6816.42,16,0
12477.0,23,6,13219.74,0,3,-1,13219.74,23,0
12478.0,4,1,680.99,0,1,11,680.99,4,0
12479.0,11,1,527.2,0,1,18,527.2,11,0
12480.0,28,4,3281.63,0,0,22,3281.63,28,0
12481.0,23,10,5596.32,0,3,27,5596.32,23,0
12483.0,17,8,2484.98,0,0,17,2484.98,17,0
12484.0,33,6,4541.72,0,3,23,4541.72,33,0
12488.0,10,3,1298.66,0,0,20,1298.66,10,0
12489.0,336,1,334.93,1,1,2,334.93,336,1
12490.0,5,10,5417.93,0,3,27,5417.93,5,0
12491.0,39,1,460.4,0,1,16,460.40000000000003,39,0
12492.0,63,2,263.21000000000004,0,1,13,263.21000000000004,63,0
12493.0,166,2,433.74,1,1,8,433.74,166,1
12494.0,16,7,1246.1,0,0,24,1246.1,16,0
12497.0,82,1,1043.1,0,0,1,1043.1,82,0
12498.0,21,3,403.7000000000001,0,0,20,403.70000000000005,21,0
12500.0,23,11,4257.82,0,0,27,4257.82,23,0
12501.0,337,1,2169.39,1,3,2,2169.39,337,1
12502.0,96,5,3723.87,0,3,21,3723.87,96,1
12504.0,18,2,482.0499999999999,0,1,13,482.04999999999995,18,0
12506.0,233,1,73.5,1,1,10,73.5,233,1
12507.0,134,3,1304.81,0,3,21,1304.81,134,1
12508.0,26,2,398.27,0,1,13,398.27,26,0
12509.0,284,1,176.5,1,1,3,176.5,284,1
12510.0,143,2,982.57,0,1,8,982.5699999999999,143,1
12512.0,66,2,138.03,0,1,13,138.03,66,0
12513.0,113,1,612.29,0,1,1,612.29,113,1
12514.0,267,1,1017.68,1,1,15,1017.6800000000001,267,1
12515.0,353,1,383.7,1,1,0,383.7,353,1
12516.0,78,2,1312.06,0,0,13,1312.06,78,0
12517.0,28,5,2502.84,0,0,6,2502.84,28,0
12518.0,1,5,2056.89,0,0,6,2056.89,1,0
12519.0,64,1,340.84000000000003,0,1,1,340.84000000000003,64,0
12520.0,79,5,2634.26,0,0,21,2634.2599999999998,79,0
12521.0,143,1,599.68,1,1,1,599.68,143,1
12522.0,39,2,192.72,0,1,13,192.72,39,0
12523.0,19,11,1789.77,0,0,27,1789.77,19,0
12524.0,9,8,4485.72,0,0,17,4485.72,9,0
12526.0,1,3,1316.66,0,0,20,1316.66,1,0
12527.0,82,3,348.71000000000004,0,0,20,348.71000000000004,82,0
12528.0,9,6,1933.48,0,0,23,1933.48,9,0
12530.0,60,4,1662.28,0,0,22,1662.28,60,0
12531.0,15,1,125.22,0,1,19,125.22,15,0
12532.0,30,1,349.83000000000004,0,1,16,349.83000000000004,30,0
12534.0,131,1,1089.18,0,3,1,1089.18,131,1
12535.0,92,2,716.35,0,1,13,716.35,92,1
12536.0,43,3,12601.830000000002,0,3,-1,12601.830000000002,43,0
12538.0,29,1,363.95,0,1,16,363.95,29,0
12539.0,22,4,5568.35,0,3,22,5568.35,22,0
12540.0,20,17,13400.24,3,3,-1,13400.24,20,0
12541.0,30,3,981.18,0,0,20,981.18,30,0
12544.0,36,1,372.7,0,1,16,372.7,36,0
12545.0,75,2,1000.39,0,0,13,1000.39,75,0
12546.0,47,2,1161.5,0,0,13,1161.5,47,0
12547.0,198,2,207.8,1,1,2,207.8,198,1
12548.0,166,1,95.2,1,1,1,95.19999999999999,166,1
12550.0,79,1,964.83,0,0,1,964.83,79,0
12551.0,358,1,168.0,1,1,0,168.0,358,1
12552.0,39,2,437.82,0,1,13,437.82,39,0
12553.0,8,10,3692.28,0,0,27,3692.28,8,0
12556.0,50,2,603.71,0,1,13,603.71,50,0
12557.0,16,5,11990.96,0,3,-1,11990.960000000001,16,0
12558.0,8,1,269.96,0,1,18,269.96,8,0
12559.0,311,2,561.71,1,1,2,561.71,311,1
12560.0,5,3,2134.01,0,0,20,2134.0099999999998,5,0
12561.0,303,1,238.85,1,1,3,238.85,303,1
12562.0,8,7,3781.74,0,0,24,3781.7400000000002,8,0
12564.0,261,1,456.9,1,1,15,456.9,261,1
12565.0,289,1,145.92,1,1,3,145.92,289,1
12566.0,86,1,351.65,0,1,1,351.65,86,0
12567.0,23,10,9401.28,0,3,-1,9401.28,23,0
12569.0,2,32,4124.69,3,2,27,4124.69,2,0
12571.0,40,2,519.61,0,1,13,519.61,40,0
12572.0,9,2,1020.42,0,0,12,1020.4200000000001,9,0
12573.0,227,1,160.54000000000002,1,1,4,160.54000000000002,227,1
12574.0,316,1,218.45,1,1,3,218.45000000000002,316,1
12576.0,36,5,1315.83,0,0,6,1315.83,36,0
12577.0,35,3,657.8,0,0,20,657.8,35,0
12578.0,21,2,2794.51,0,0,20,2794.51,21,0
12579.0,78,1,440.42,0,1,1,440.42,78,0
12580.0,247,1,415.7,1,1,9,415.7,247,1
12581.0,40,1,197.71,0,1,16,197.71,40,0
12582.0,239,2,511.36,1,1,2,511.36,239,1
12583.0,3,15,7281.38,3,3,27,7281.38,3,0
12584.0,4,9,2338.15,0,0,25,2338.15,4,0
12585.0,234,2,2040.1,1,3,2,2040.1,234,1
12586.0,17,1,196.94000000000003,0,1,19,196.94000000000003,17,0
12587.0,8,1,144.0,0,1,18,144.0,8,0
12588.0,39,1,214.9,0,1,16,214.89999999999998,39,0
12589.0,29,2,646.68,0,1,13,646.68,29,0
12590.0,211,2,9864.26,1,3,2,9864.26,211,1
12591.0,317,1,452.85,1,1,3,452.84999999999997,317,1
12592.0,92,2,437.6,0,1,13,437.6,92,1
12593.0,109,3,418.1,0,1,21,418.09999999999997,109,1
12594.0,38,10,3338.2200000000003,0,0,27,3338.2200000000003,38,0
12596.0,51,2,618.27,0,1,13,618.27,51,0
12597.0,19,4,3811.22,0,0,22,3811.22,19,0
12598.0,10,8,3023.08,0,0,17,3023.08,10,0
12599.0,29,7,1032.58,0,0,24,1032.58,29,0
12600.0,29,10,2599.04,0,0,27,2599.04,29,0
12601.0,190,5,577.0600000000001,1,3,21,577.0600000000001,190,1
12602.0,59,1,153.12,0,1,1,153.12,59,0
12603.0,22,1,739.1999999999999,0,0,19,739.1999999999999,22,0
12604.0,79,2,254.18,0,1,13,254.18,79,0
12607.0,60,1,1579.51,0,0,1,1579.51,60,0
12609.0,78,3,1126.85,0,0,20,1126.85,78,0
12610.0,23,5,2099.54,0,0,6,2099.54,23,0
12611.0,52,1,1193.32,0,0,1,1193.32,52,0
12612.0,74,1,704.04,0,1,1,704.04,74,0
12613.0,57,5,3344.38,0,0,21,3344.38,57,0
12614.0,278,1,315.6,1,1,5,315.6,278,1
12615.0,2,4,2291.19,0,0,22,2291.19,2,0
12616.0,95,2,713.3,0,1,13,713.3,95,1
12617.0,29,1,355.53000000000003,0,1,16,355.53000000000003,29,0
12618.0,22,1,177.31,0,1,19,177.31,22,0
12619.0,16,9,3641.24,0,0,25,3641.24,16,0
12620.0,15,3,1339.41,0,0,20,1339.41,15,0
12621.0,2,20,13689.67,3,3,27,13689.67,2,0
12622.0,232,1,180.1,1,1,10,180.1,232,1
12623.0,276,1,305.1,1,1,5,305.1,276,1
12624.0,106,2,641.13,0,1,8,641.13,106,1
12625.0,212,2,2683.82,1,3,2,2683.82,212,1
12626.0,23,9,6620.48,0,3,-1,6620.48,23,0
12627.0,11,7,4478.53,0,0,-1,4478.53,11,0
12628.0,4,3,786.46,0,0,20,786.46,4,0
12630.0,10,2,1270.88,0,0,12,1270.88,10,0
12631.0,57,1,640.5,0,1,1,640.5,57,0
12633.0,59,4,2163.98,0,0,22,2163.98,59,0
12635.0,90,2,1689.18,0,0,13,1689.18,90,0
12637.0,67,8,6021.9,0,3,21,6021.9,67,0
12638.0,33,1,671.69,0,0,16,671.69,33,0
12639.0,239,1,486.1,1,1,10,486.1,239,1
12640.0,24,3,1174.58,0,0,20,1174.58,24,0
12641.0,115,1,185.9,0,1,1,185.9,115,1
12642.0,25,3,1013.26,0,0,20,1013.26,25,0
12643.0,128,6,3344.64,0,3,21,3344.64,128,1
12644.0,130,1,477.91,0,1,1,477.90999999999997,130,1
12645.0,34,4,1775.18,0,0,22,1775.18,34,0
12646.0,5,2,1346.97,0,0,12,1346.97,5,0
12647.0,22,12,3722.82,0,0,27,3722.82,22,0
12648.0,155,1,318.05,1,1,1,318.05,155,1
12649.0,107,3,623.51,0,1,21,623.51,107,1
12650.0,3,1,314.44,0,1,11,314.44,3,0
12651.0,335,1,114.0,1,1,2,114.0,335,1
12652.0,331,1,919.98,1,1,2,919.98,331,1
12653.0,149,2,2209.85,1,3,8,2209.85,149,1
12654.0,11,5,601.98,0,0,6,601.98,11,0
12656.0,17,5,4051.17,0,0,22,4051.17,17,0
12657.0,11,4,1643.18,0,0,22,1643.18,11,0
12658.0,19,1,686.05,0,0,19,686.05,19,0
12659.0,30,1,91.68,0,1,16,91.68,30,0
12660.0,11,1,245.1,0,1,18,245.1,11,0
12662.0,1,11,3849.78,0,0,27,3849.78,1,0
12664.0,8,9,4881.88,0,3,-1,4881.88,8,0
12665.0,325,1,63.0,1,1,3,63.0,325,1
12667.0,58,1,620.13,0,1,1,620.13,58,0
12668.0,12,4,3807.15,0,0,22,3807.15,12,0
12669.0,151,3,2744.0299999999997,1,3,21,2744.0299999999997,151,1
12670.0,10,5,2996.05,0,0,6,2996.05,10,0
12672.0,330,1,225.9,1,1,2,225.9,330,1
12673.0,5,2,610.52,0,1,12,610.52,5,0
12674.0,39,4,1970.6,0,0,22,1970.6,39,0
12676.0,25,6,1331.39,0,0,23,1331.39,25,0
12678.0,42,12,17628.46,3,3,-1,17628.46,42,0
12679.0,59,4,1113.02,0,0,22,1113.02,59,0
12680.0,1,4,862.81,0,0,22,862.81,1,0
12681.0,15,22,13787.54,3,3,27,13787.54,15,0
12682.0,4,31,12288.22,3,2,27,12288.22,4,0
12683.0,4,15,8476.57,3,3,27,8476.57,4,0
12684.0,8,7,2283.63,0,0,24,2283.63,8,0
12685.0,28,6,2863.08,0,0,23,2863.08,28,0
12686.0,372,1,89.14,1,1,0,89.14,372,1
12688.0,114,1,4873.8099999999995,0,3,-1,4873.8099999999995,114,1
12689.0,26,2,1247.61,0,0,13,1247.61,26,0
12690.0,206,1,389.01,1,1,4,389.01,206,1
12691.0,28,6,1035.8,0,0,23,1035.8,28,0
12693.0,127,4,855.91,0,3,21,855.91,127,1
12694.0,70,2,869.67,0,1,13,869.67,70,0
12695.0,7,4,582.1,0,0,22,582.1,7,0
12697.0,29,3,957.59,0,0,20,957.59,29,0
12700.0,8,4,4939.99,0,3,22,4939.99,8,0
12701.0,80,2,797.71,0,1,13,797.71,80,0
12702.0,20,1,219.0,0,1,19,219.0,20,0
12703.0,71,1,283.55,0,1,1,283.55,71,0
12704.0,7,8,2340.84,0,0,17,2340.84,7,0
12705.0,15,9,6868.29,0,3,-1,6868.29,15,0
12707.0,292,1,603.42,1,1,3,603.42,292,1
12708.0,30,10,2712.91,0,0,27,2712.91,30,0
12709.0,15,15,9736.52,3,3,27,9736.52,15,0
12710.0,97,3,1149.02,0,0,20,1149.02,97,1
12712.0,29,13,4396.13,0,3,27,4396.13,29,0
12713.0,1,1,848.55,0,0,11,848.55,1,0
12714.0,9,5,4708.86,0,3,22,4708.86,9,0
12715.0,106,1,353.86,0,1,1,353.86,106,1
12716.0,4,2,1053.49,0,0,12,1053.49,4,0
12717.0,151,2,1030.98,1,1,8,1030.98,151,1
12718.0,71,1,238.25,0,1,1,238.25,71,0
12719.0,5,2,644.95,0,1,12,644.95,5,0
12720.0,3,25,5781.73,3,3,27,5781.73,3,0
12721.0,32,6,2656.13,0,0,23,2656.13,32,0
12722.0,85,4,997.63,0,0,22,997.63,85,0
12723.0,4,5,725.07,0,0,6,725.07,4,0
12724.0,5,4,1031.41,0,0,22,1031.41,5,0
12725.0,371,1,427.8,1,1,0,427.8,371,1
12726.0,28,7,2609.1,0,0,24,2609.1,28,0
12727.0,11,7,3980.7,0,0,24,3980.7,11,0
12728.0,71,4,836.33,0,0,22,836.33,71,0
12729.0,114,1,453.01,0,1,1,453.01,114,1
12731.0,24,12,18895.91,3,3,-1,18895.91,24,0
12732.0,180,1,236.26,1,1,4,236.26000000000002,180,1
12733.0,234,1,383.95,1,1,10,383.95,234,1
12734.0,353,1,110.4,1,1,0,110.39999999999999,353,1
12735.0,315,2,779.5699999999999,1,1,2,779.5699999999999,315,1
12736.0,333,1,234.0,1,1,2,234.0,333,1
12738.0,372,1,155.35,1,1,0,155.35,372,1
12739.0,78,2,1013.04,0,0,13,1013.04,78,0
12740.0,64,1,427.6,0,1,1,427.6,64,0
12743.0,134,2,546.43,0,1,8,546.43,134,1
12744.0,52,7,21279.29,3,3,-1,21279.29,52,0
12747.0,2,11,4196.01,0,0,27,4196.01,2,0
12748.0,1,209,33719.73,2,2,27,33719.73,1,0
12749.0,4,5,4090.88,0,0,22,4090.88,4,0
12750.0,129,1,275.88,0,1,1,275.88,129,1
12752.0,81,1,4366.78,0,3,-1,4366.78,81,0
12753.0,23,6,21429.39,0,3,-1,21429.39,23,0
12754.0,236,3,3010.74,1,3,2,3010.74,236,1
12755.0,281,2,3811.95,1,3,2,3811.9500000000003,281,1
12756.0,87,1,112.08,0,1,1,112.08,87,0
12757.0,16,13,7857.1,3,3,27,7857.1,16,0
12758.0,117,2,2791.59,0,3,8,2791.59,117,1
12759.0,52,3,1531.44,0,0,20,1531.44,52,0
12762.0,8,2,1898.52,0,0,12,1898.52,8,0
12763.0,138,2,494.08,0,1,8,494.08,138,1
12764.0,317,1,1693.88,1,3,3,1693.88,317,1
12766.0,4,7,6989.63,0,3,26,6989.63,4,0
12769.0,239,1,1143.6,1,3,10,1143.6,239,1
12770.0,211,1,1351.45,1,3,4,1351.45,211,1
12772.0,60,1,892.47,0,0,1,892.47,60,0
12775.0,17,5,1386.04,0,0,6,1386.04,17,0
12778.0,20,6,822.23,0,0,23,822.23,20,0
12779.0,38,8,3981.36,0,0,24,3981.36,38,0
12781.0,64,2,826.74,0,1,13,826.74,64,0
12782.0,5,5,2330.92,0,0,6,2330.92,5,0
12783.0,2,6,2225.91,0,0,23,2225.91,2,0
12784.0,9,2,574.42,0,1,12,574.42,9,0
12785.0,364,1,311.95,1,1,0,311.95,364,1
12787.0,10,3,463.66,0,0,20,463.66,10,0
12789.0,65,1,91.85,0,1,1,91.85,65,0
12790.0,192,1,324.92,1,1,4,324.92,192,1
12791.0,374,1,192.6,1,1,0,192.60000000000002,374,1
12792.0,257,1,400.54,1,1,14,400.53999999999996,257,1
12793.0,335,2,545.48,1,1,2,545.48,335,1
12794.0,53,2,860.41,0,0,13,860.41,53,0
12795.0,19,1,430.48,0,1,19,430.48,19,0
12797.0,366,1,254.03,1,1,0,254.03,366,1
12798.0,10,3,6977.04,0,3,22,6977.04,10,0
12802.0,187,1,427.58,1,1,4,427.58,187,1
12808.0,37,3,483.65,0,0,20,483.65000000000003,37,0
12809.0,178,1,489.31,1,1,4,489.31,178,1
12811.0,261,3,514.85,1,1,2,514.85,261,1
12812.0,45,1,229.64,0,1,7,229.64000000000001,45,0
12814.0,102,1,125.92,0,1,1,125.92,102,1
12815.0,148,2,1063.46,1,1,8,1063.46,148,1
12816.0,96,2,572.2,0,1,13,572.2,96,1
12817.0,281,1,166.04,1,1,3,166.04,281,1
12818.0,262,1,1542.08,1,3,15,1542.08,262,1
12820.0,3,4,942.34,0,0,22,942.34,3,0
12821.0,214,1,92.72,1,1,4,92.72,214,1
12822.0,71,2,948.88,0,0,13,948.88,71,0
12823.0,75,5,1759.5,0,0,21,1759.5,75,0
12824.0,60,1,397.12,0,1,1,397.12,60,0
12826.0,3,7,1474.72,0,0,24,1474.72,3,0
12827.0,6,3,430.15,0,0,20,430.15,6,0
12828.0,3,6,1018.71,0,0,23,1018.71,3,0
12829.0,337,2,293.0,1,1,2,293.0,337,1
12830.0,38,6,6814.64,0,3,26,6814.64,38,0
12831.0,262,1,215.05,1,1,15,215.05,262,1
12832.0,32,2,383.03,0,1,13,383.03000000000003,32,0
12833.0,145,1,417.38,1,1,1,417.38,145,1
12834.0,283,1,312.38,1,1,3,312.38,283,1
12836.0,59,4,2612.86,0,0,22,2612.86,59,0
12837.0,173,1,134.1,1,1,4,134.1,173,1
12838.0,34,2,683.13,0,1,13,683.13,34,0
12839.0,3,14,5591.42,3,3,27,5591.42,3,0
12840.0,144,4,2726.77,0,3,21,2726.77,144,1
12841.0,5,25,4022.35,3,2,27,4022.35,5,0
12842.0,70,2,1118.99,0,0,13,1118.99,70,0
12843.0,66,8,1702.26,0,0,21,1702.26,66,0
12844.0,29,2,325.96000000000004,0,1,13,325.96000000000004,29,0
12845.0,267,4,354.09000000000003,1,3,2,354.09000000000003,267,1
12847.0,22,1,871.54,0,0,19,871.54,22,0
12849.0,31,2,1050.89,0,0,13,1050.8899999999999,31,0
12851.0,97,1,135.18,0,1,1,135.18,97,1
12852.0,295,1,311.55,1,1,3,311.55,295,1
12853.0,135,6,1957.1,0,3,21,1957.1000000000001,135,1
12854.0,79,3,1324.5,0,0,20,1324.5,79,0
12855.0,373,1,38.1,1,1,0,38.1,373,1
12856.0,8,6,2179.93,0,0,23,2179.93,8,0
12857.0,211,2,1106.4,1,1,2,1106.4,211,1
12863.0,52,1,521.2,0,1,1,521.2,52,0
12864.0,138,1,147.12,0,1,1,147.12,138,1
12865.0,26,2,1568.23,0,0,13,1568.23,26,0
12866.0,283,1,559.12,1,1,3,559.12,283,1
12867.0,26,7,4036.82,0,0,24,4036.82,26,0
12868.0,186,6,1607.0600000000002,1,3,21,1607.0600000000002,186,1
12871.0,84,2,380.64,0,1,13,380.64,84,0
12872.0,327,2,599.97,1,1,2,599.97,327,1
12873.0,282,1,374.0,1,1,3,374.0,282,1
12875.0,143,2,343.2300000000001,0,1,8,343.2300000000001,143,1
12876.0,58,2,2218.02,0,0,13,2218.02,58,0
12877.0,4,12,1535.77,0,3,27,1535.77,4,0
12878.0,236,2,854.99,1,1,2,854.99,236,1
12879.0,45,3,573.22,0,0,20,573.22,45,0
12881.0,276,1,298.0,1,1,5,298.0,276,1
12882.0,9,2,1463.04,0,0,12,1463.04,9,0
12883.0,25,4,703.47,0,0,22,703.47,25,0
12884.0,88,1,309.05,0,1,1,309.05,88,0
12885.0,63,3,1175.22,0,0,20,1175.22,63,0
12886.0,68,2,1378.4,0,0,13,1378.4,68,0
12888.0,214,2,354.12,1,1,2,354.12,214,1
12890.0,24,1,380.47,0,1,19,380.46999999999997,24,0
12891.0,186,3,331.0,1,1,21,331.0,186,1
12893.0,31,1,188.14,0,1,16,188.14,31,0
12895.0,42,2,372.8,0,1,13,372.8,42,0
12897.0,205,2,216.5,1,1,2,216.5,205,1
12901.0,9,28,17654.54,3,2,27,17654.54,9,0
12902.0,265,1,138.68,1,1,15,138.68,265,1
12904.0,18,2,509.58,0,1,13,509.58,18,0
12906.0,12,5,2919.81,0,0,6,2919.81,12,0
12908.0,176,2,750.0,1,1,8,750.0,176,1
12909.0,40,5,2178.67,0,0,6,2178.67,40,0
12910.0,23,8,3075.04,0,0,17,3075.04,23,0
12912.0,3,5,1662.3,0,0,6,1662.3,3,0
12913.0,5,5,2483.63,0,0,6,2483.63,5,0
12915.0,149,2,363.65,1,1,8,363.65,149,1
12916.0,139,4,3006.15,0,3,21,3006.15,139,1
12917.0,128,1,594.0,0,1,1,594.0,128,1
12919.0,8,6,1335.19,0,0,23,1335.19,8,0
12920.0,17,1,164.23,0,1,19,164.23,17,0
12921.0,9,37,16587.09,3,2,27,16587.09,9,0
12922.0,161,1,405.38,1,1,1,405.38,161,1
12923.0,64,1,176.97,0,1,1,176.97,64,0
12924.0,88,4,933.7,0,0,22,933.7,88,0
12925.0,5,2,694.05,0,1,12,694.05,5,0
12928.0,35,5,2062.7,0,0,6,2062.7,35,0
12929.0,312,1,117.85,1,1,3,117.85,312,1
12930.0,78,2,415.8,0,1,13,415.8,78,0
12931.0,22,15,42055.96,3,2,27,42055.96,22,0
12933.0,24,3,607.53,0,0,20,607.53,24,0
12935.0,2,7,2160.7,0,0,24,2160.7,2,0
12936.0,17,4,1063.9,0,0,22,1063.9,17,0
12937.0,15,4,1504.27,0,0,22,1504.27,15,0
12938.0,26,1,114.14,0,1,19,114.14,26,0
12939.0,64,8,11581.8,0,3,-1,11581.8,64,0
12940.0,55,2,913.54,0,0,13,913.54,55,0
12942.0,131,3,683.9,0,1,21,683.9,131,1
12944.0,36,2,604.51,0,1,13,604.51,36,0
12945.0,288,1,462.95,1,1,3,462.95,288,1
12947.0,144,6,1603.99,0,3,21,1603.99,144,1
12948.0,16,7,2064.95,0,0,24,2064.95,16,0
12949.0,31,8,4167.22,0,0,24,4167.22,31,0
12950.0,2,3,1843.0,0,0,20,1843.0,2,0
12951.0,9,6,1064.07,0,0,23,1064.07,9,0
12952.0,6,4,1387.79,0,0,22,1387.79,6,0
12953.0,10,1,329.85,0,1,18,329.85,10,0
12955.0,1,11,4757.16,0,3,27,4757.16,1,0
12956.0,306,1,108.07,1,1,3,108.07,306,1
12957.0,10,8,4017.54,0,0,17,4017.54,10,0
12962.0,7,2,266.39,0,1,12,266.39,7,0
12963.0,8,8,1856.63,0,0,17,1856.63,8,0
12965.0,89,1,771.91,0,1,1,771.91,89,0
12966.0,10,1,160.18,0,1,18,160.18,10,0
12967.0,358,2,1660.9,1,3,0,1660.9,358,1
12968.0,112,1,135.95,0,1,1,135.95,112,1
12970.0,7,4,452.24,0,0,22,452.24,7,0
12971.0,4,86,11189.91,3,2,27,11189.91,4,0
12974.0,198,1,144.8,1,1,4,144.8,198,1
12976.0,212,1,738.6,1,1,4,738.6,212,1
12977.0,156,1,39.239999999999995,1,1,1,39.239999999999995,156,1
12980.0,158,9,7374.900000000001,0,3,-1,7374.900000000001,158,1
12981.0,30,2,372.22,0,1,13,372.21999999999997,30,0
12982.0,243,1,390.54,1,1,10,390.54,243,1
12984.0,19,1,97.5,0,1,19,97.5,19,0
12985.0,1,2,1239.38,0,0,12,1239.38,1,0
12987.0,74,2,558.7,0,1,13,558.7,74,0
12988.0,292,1,535.32,1,1,3,535.32,292,1
12989.0,3,15,6924.11,3,3,27,6924.11,3,0
12990.0,31,3,409.5,0,0,20,409.5,31,0
12991.0,23,2,503.76,0,1,13,503.76,23,0
12993.0,23,4,414.76,0,0,22,414.76,23,0
12994.0,4,3,974.42,0,0,20,974.42,4,0
12995.0,85,1,211.32,0,1,1,211.32,85,0
12997.0,22,4,1226.89,0,0,22,1226.89,22,0
12999.0,196,3,455.88,1,1,21,455.88,196,1
13000.0,107,3,534.85,0,1,21,534.85,107,1
13001.0,4,13,9818.82,3,3,27,9818.82,4,0
13002.0,318,1,120.95,1,1,3,120.94999999999999,318,1
13003.0,106,3,149.05,0,0,21,149.05,106,1
13004.0,12,18,5655.91,3,3,27,5655.91,12,0
13005.0,174,2,513.7,1,1,8,513.7,174,1
13006.0,56,1,81.57,0,1,1,81.57,56,0
13008.0,323,1,229.46999999999997,1,1,3,229.46999999999997,323,1
13011.0,372,1,50.55,1,1,0,50.550000000000004,372,1
13012.0,9,8,1661.84,0,0,17,1661.8400000000001,9,0
13013.0,1,13,4810.9400000000005,0,3,27,4810.9400000000005,1,0
13014.0,11,10,3466.2799999999997,0,0,27,3466.2799999999997,11,0
13015.0,53,5,3346.28,0,0,21,3346.28,53,0
13016.0,73,3,789.89,0,0,20,789.89,73,0
13017.0,7,1,204.0,0,1,18,204.0,7,0
13018.0,16,28,7277.7,3,2,27,7277.7,16,0
13021.0,4,9,2616.38,0,0,25,2616.38,4,0
13023.0,64,2,689.9,0,1,13,689.9,64,0
13026.0,1,5,975.36,0,0,6,975.36,1,0
13027.0,114,6,6912.0,0,3,21,6912.0,114,1
13028.0,23,2,661.3199999999999,0,1,13,661.3199999999999,23,0
13029.0,31,3,1247.5,0,0,20,1247.5,31,0
13030.0,11,2,799.48,0,1,12,799.48,11,0
13032.0,52,2,1010.18,0,0,13,1010.1800000000001,52,0
13033.0,357,1,190.55,1,1,0,190.55,357,1
13034.0,55,2,642.77,0,1,13,642.77,55,0
13035.0,74,2,921.88,0,0,13,921.88,74,0
13037.0,138,3,881.07,0,1,21,881.07,138,1
13038.0,80,3,908.46,0,0,20,908.46,80,0
13040.0,9,2,676.99,0,1,12,676.99,9,0
13043.0,273,1,516.42,1,1,5,516.42,273,1
13044.0,291,1,560.47,1,1,3,560.47,291,1
13045.0,99,1,305.28,0,1,1,305.28,99,1
13046.0,31,2,629.31,0,1,13,629.31,31,0
13047.0,32,10,3237.54,0,0,27,3237.54,32,0
13048.0,14,4,1835.91,0,0,22,1835.91,14,0
13049.0,64,2,656.6800000000001,0,1,13,656.6800000000001,64,0
13050.0,15,17,5836.86,3,3,27,5836.86,15,0
13052.0,212,1,348.15000000000003,1,1,4,348.15000000000003,212,1
13055.0,78,3,1214.41,0,0,20,1214.41,78,0
13058.0,25,3,271.40000000000003,0,0,20,271.40000000000003,25,0
13059.0,250,1,183.4,1,1,9,183.4,250,1
13060.0,254,1,307.53000000000003,1,1,14,307.53000000000003,254,1
13061.0,72,1,248.61,0,1,1,248.61,72,0
13062.0,191,1,346.98,1,1,4,346.98,191,1
13064.0,13,4,1119.49,0,0,22,1119.49,13,0
13065.0,373,1,205.86,1,1,0,205.86,373,1
13066.0,24,2,470.8,0,1,13,470.8,24,0
13067.0,82,1,115.46,0,1,1,115.46000000000001,82,0
13068.0,10,2,344.0,0,1,12,344.0,10,0
13069.0,1,24,4436.12,3,3,27,4436.12,1,0
13070.0,192,1,228.8,1,1,4,228.8,192,1
13072.0,267,1,177.15,1,1,15,177.15,267,1
13075.0,130,1,919.61,0,1,1,919.61,130,1
13077.0,1,4,729.27,0,0,22,729.27,1,0
13078.0,3,26,12627.94,3,2,27,12627.94,3,0
13079.0,4,5,220.1,0,0,6,220.10000000000002,4,0
13080.0,179,1,58.08,1,1,4,58.08,179,1
13081.0,12,11,28337.38,3,2,-1,28337.38,12,0
13082.0,126,9,3613.63,0,3,-1,3613.63,126,1
13083.0,4,2,303.75,0,1,12,303.75,4,0
13085.0,158,2,416.08,1,1,8,416.08,158,1
13089.0,3,97,58825.83,2,2,27,58825.83,3,0
13090.0,9,14,8910.82,3,3,27,8910.82,9,0
13091.0,28,1,345.82,0,1,16,345.82,28,0
13092.0,71,5,477.83,0,0,22,477.83,71,0
13093.0,276,8,7832.47,1,3,2,7832.47,276,1
13094.0,21,12,1927.32,0,3,27,1927.3200000000002,21,0
13095.0,71,1,74.39999999999999,0,1,1,74.39999999999999,71,0
13097.0,33,10,6010.42,0,3,27,6010.42,33,0
13098.0,1,28,28882.44,3,2,27,28882.44,1,0
13099.0,99,1,207.36,0,1,1,207.36,99,1
13101.0,234,1,101.19,1,1,10,101.19,234,1
13102.0,1,24,6424.09,3,3,27,6424.09,1,0
13103.0,40,1,243.94,0,1,16,243.94,40,0
13104.0,3,6,1098.48,0,0,23,1098.48,3,0
13106.0,133,1,76.5,0,1,1,76.5,133,1
13107.0,44,4,1531.62,0,0,22,1531.6200000000001,44,0
13108.0,373,1,350.06,1,1,0,350.06,373,1
13109.0,60,2,786.54,0,1,13,786.54,60,0
13110.0,31,7,1488.67,0,0,24,1488.67,31,0
13113.0,1,24,12245.96,3,3,27,12245.960000000001,1,0
13115.0,12,4,2294.78,0,0,22,2294.78,12,0
13116.0,138,1,501.14,0,1,1,501.14,138,1
13117.0,22,8,984.91,0,0,17,984.91,22,0
13118.0,20,5,1197.81,0,0,6,1197.81,20,0
13120.0,239,1,30.6,1,1,10,30.6,239,1
13121.0,269,1,283.73,1,1,15,283.73,269,1
13122.0,94,2,922.39,0,1,13,922.39,94,1
13124.0,90,3,3866.33,0,3,-1,3866.33,90,0
13126.0,5,8,2099.64,0,0,17,2099.64,5,0
13127.0,78,1,259.17,0,1,1,259.17,78,0
13130.0,94,1,64.0,0,1,1,64.0,94,1
13131.0,23,3,1073.3,0,0,20,1073.3,23,0
13132.0,262,1,77.3,1,1,15,77.3,262,1
13133.0,274,2,109.8,1,1,2,109.8,274,1
13134.0,86,4,1793.58,0,0,22,1793.58,86,0
13135.0,197,1,3096.0,1,3,2,3096.0,197,1
13136.0,56,5,2607.61,0,0,21,2607.61,56,0
13137.0,11,8,3650.41,0,0,17,3650.41,11,0
13138.0,22,6,962.39,0,0,23,962.39,22,0
13139.0,16,7,5064.94,0,3,26,5064.94,16,0
13140.0,108,3,423.72,0,1,21,423.72,108,1
13141.0,85,5,2388.75,0,0,21,2388.75,85,0
13142.0,19,1,307.09000000000003,0,1,19,307.09000000000003,19,0
13144.0,333,1,110.95,1,1,2,110.95,333,1
13145.0,40,4,618.52,0,0,22,618.52,40,0
13146.0,26,1,228.91,0,1,19,228.91,26,0
13147.0,10,4,712.8,0,0,22,712.8,10,0
13148.0,29,12,3707.12,0,0,27,3707.12,29,0
13149.0,14,4,1676.06,0,0,22,1676.06,14,0
13151.0,296,1,1257.87,1,3,3,1257.8700000000001,296,1
13153.0,6,1,486.22,0,1,11,486.22,6,0
13155.0,33,4,971.76,0,0,22,971.76,33,0
13157.0,49,4,1741.22,0,0,22,1741.22,49,0
13158.0,95,4,1201.06,0,0,-1,1201.06,95,1
13159.0,9,4,1437.85,0,0,22,1437.85,9,0
13160.0,22,1,91.8,0,1,19,91.8,22,0
13161.0,313,1,112.75,1,1,3,112.75,313,1
13162.0,122,4,1688.29,0,0,21,1688.29,122,1
13165.0,46,2,1021.48,0,0,13,1021.48,46,0
13166.0,283,1,417.2,1,1,3,417.2,283,1
13167.0,19,4,791.33,0,0,22,791.33,19,0
13168.0,36,4,1319.19,0,0,22,1319.19,36,0
13169.0,64,2,712.88,0,1,13,712.88,64,0
13170.0,27,1,116.01,0,1,19,116.00999999999999,27,0
13171.0,22,3,468.41,0,0,20,468.41,22,0
13173.0,4,2,353.65000000000003,0,1,12,353.65000000000003,4,0
13174.0,16,3,2817.03,0,0,20,2817.03,16,0
13176.0,46,1,492.84,0,1,7,492.84,46,0
13177.0,65,1,282.45,0,1,1,282.45,65,0
13178.0,26,11,5725.47,0,3,27,5725.47,26,0
13182.0,45,1,121.18,0,1,7,121.18,45,0
13183.0,8,9,3957.78,0,0,25,3957.78,8,0
13184.0,15,10,1701.29,0,0,27,1701.29,15,0
13185.0,268,1,71.4,1,1,15,71.4,268,1
13186.0,40,3,1575.89,0,0,20,1575.89,40,0
13187.0,337,1,236.02,1,1,2,236.02,337,1
13188.0,11,1,114.6,0,1,18,114.6,11,0
13189.0,19,2,260.68,0,1,13,260.68,19,0
13192.0,95,2,911.94,0,1,13,911.94,95,1
13193.0,61,1,117.88,0,1,1,117.88,61,0
13194.0,136,1,60.7,0,1,1,60.7,136,1
13196.0,11,4,1797.78,0,0,22,1797.78,11,0
13198.0,10,6,3401.24,0,0,23,3401.2400000000002,10,0
13199.0,4,38,9817.12,3,2,27,9817.12,4,0
13200.0,19,4,870.09,0,0,22,870.09,19,0
13203.0,10,4,869.46,0,0,22,869.46,10,0
13207.0,15,2,250.26,0,1,13,250.26000000000002,15,0
13208.0,59,6,1223.9,0,0,21,1223.9,59,0
13209.0,30,8,5891.61,0,3,26,5891.61,30,0
13210.0,94,1,353.48,0,1,1,353.48,94,1
13211.0,10,3,1197.42,0,0,20,1197.42,10,0
13212.0,20,3,788.08,0,0,20,788.08,20,0
13213.0,57,5,1520.58,0,0,21,1520.58,57,0
13216.0,268,1,333.74,1,1,15,333.74,268,1
13217.0,122,3,533.98,0,1,21,533.98,122,1
13218.0,127,1,62.63999999999999,0,1,1,62.63999999999999,127,1
13220.0,78,4,819.2900000000001,0,0,22,819.2900000000001,78,0
13221.0,240,2,847.41,1,1,2,847.41,240,1
13223.0,200,2,163.2,1,1,2,163.2,200,1
13224.0,60,2,2155.95,0,0,13,2155.95,60,0
13225.0,3,7,6463.84,0,3,26,6463.84,3,0
13226.0,273,1,108.21,1,1,5,108.21000000000001,273,1
13227.0,202,1,257.7,1,1,4,257.7,202,1
13228.0,81,1,358.0,0,1,1,358.0,81,0
13229.0,226,1,160.95,1,1,4,160.95,226,1
13230.0,4,14,2806.97,0,3,27,2806.97,4,0
13232.0,13,7,1357.6,0,0,24,1357.6,13,0
13233.0,74,2,605.12,0,1,13,605.12,74,0
13235.0,212,1,1031.07,1,1,4,1031.07,212,1
13236.0,25,2,744.85,0,1,13,744.85,25,0
13238.0,17,4,700.73,0,0,22,700.73,17,0
13239.0,262,1,329.56,1,1,15,329.56,262,1
13240.0,96,4,663.65,0,0,-1,663.65,96,1
13242.0,112,3,270.40000000000003,0,1,21,270.40000000000003,112,1
13243.0,203,1,600.07,1,1,4,600.07,203,1
13244.0,93,1,121.74,0,1,1,121.74000000000001,93,1
13245.0,51,1,430.5,0,1,1,430.5,51,0
13246.0,18,6,1987.3,0,0,23,1987.3,18,0
13247.0,18,4,501.12,0,0,22,501.12,18,0
13248.0,125,2,465.68,0,1,8,465.68,125,1
13249.0,92,3,711.41,0,1,20,711.41,92,1
13253.0,157,2,1030.4,1,1,8,1030.4,157,1
13255.0,9,2,399.51,0,1,12,399.51,9,0
13258.0,12,3,698.5799999999999,0,0,20,698.5799999999999,12,0
13259.0,62,1,292.32,0,1,1,292.32,62,0
13260.0,61,1,557.62,0,1,1,557.62,61,0
13261.0,269,2,944.1,1,1,2,944.1,269,1
13262.0,263,1,200.29,1,1,15,200.29,263,1
13263.0,1,35,7454.07,3,2,27,7454.07,1,0
13265.0,53,5,2107.66,0,0,21,2107.66,53,0
13266.0,11,12,3834.26,0,0,27,3834.2599999999998,11,0
13267.0,3,19,4521.49,3,3,27,4521.49,3,0
13268.0,18,11,3214.69,0,0,27,3214.69,18,0
13269.0,1,15,5346.2300000000005,3,3,27,5346.2300000000005,1,0
13270.0,366,1,590.0,1,1,0,590.0,366,1
13271.0,37,1,217.38,0,1,16,217.38,37,0
13272.0,31,2,276.56,0,1,13,276.56,31,0
13273.0,113,1,138.98,0,1,1,138.98,113,1
13276.0,64,2,590.9300000000001,0,1,13,590.9300000000001,64,0
13277.0,16,4,258.4,0,0,22,258.4,16,0
13278.0,41,1,542.73,0,1,16,542.73,41,0
13279.0,78,1,137.75,0,1,1,137.75,78,0
13280.0,122,3,814.86,0,1,21,814.86,122,1
13282.0,18,3,1132.14,0,0,20,1132.14,18,0
13283.0,60,2,93.66,0,1,13,93.66,60,0
13284.0,331,1,201.19,1,1,2,201.19,331,1
13285.0,23,4,2709.12,0,0,22,2709.12,23,0
13291.0,156,1,361.11,1,1,1,361.11,156,1
13292.0,39,2,578.9399999999999,0,1,13,578.9399999999999,39,0
13294.0,190,2,873.74,1,1,2,873.74,190,1
13295.0,360,1,201.2,1,1,0,201.20000000000002,360,1
13296.0,137,1,87.4,0,1,1,87.4,137,1
13297.0,8,4,2089.85,0,0,22,2089.85,8,0
13298.0,1,1,360.0,0,1,11,360.0,1,0
13299.0,268,1,142.5,1,1,15,142.5,268,1
13300.0,169,1,371.89,1,1,4,371.89,169,1
13301.0,104,4,618.09,0,0,21,618.09,104,1
13302.0,155,1,63.75,1,1,1,63.75,155,1
13304.0,351,1,300.42,1,1,0,300.42,351,1
13305.0,4,10,2000.86,0,0,27,2000.86,4,0
13307.0,120,1,15.0,0,1,1,15.0,120,1
13308.0,23,3,1385.51,0,0,20,1385.51,23,0
13309.0,7,5,1456.79,0,0,6,1456.79,7,0
13310.0,28,3,1132.03,0,0,20,1132.03,28,0
13311.0,4,2,598.57,0,1,12,598.57,4,0
13313.0,22,5,1555.3200000000002,0,0,6,1555.3200000000002,22,0
13314.0,2,3,775.94,0,0,20,775.94,2,0
13316.0,37,4,5977.73,0,3,22,5977.73,37,0
13317.0,66,6,2273.68,0,0,21,2273.68,66,0
13318.0,1,3,640.76,0,0,20,640.76,1,0
13319.0,5,26,10845.55,3,2,27,10845.550000000001,5,0
13320.0,78,4,1548.7,0,0,22,1548.7,78,0
13321.0,72,2,567.36,0,1,13,567.36,72,0
13322.0,17,1,199.48,0,1,19,199.48000000000002,17,0
13323.0,3,5,787.85,0,0,6,787.85,3,0
13324.0,36,10,7121.95,0,3,27,7121.95,36,0
13325.0,82,1,675.3,0,1,1,675.3,82,0
13327.0,39,8,3627.77,0,0,24,3627.77,39,0
13328.0,316,1,1308.48,1,3,3,1308.48,316,1
13329.0,32,2,789.0,0,1,13,789.0,32,0
13330.0,93,3,1140.93,0,0,20,1140.93,93,1
13332.0,14,1,350.9,0,1,19,350.9,14,0
13334.0,82,3,3536.82,0,3,-1,3536.82,82,0
13336.0,77,1,795.12,0,0,1,795.12,77,0
13338.0,158,1,487.02,1,1,1,487.02,158,1
13339.0,201,1,860.12,1,1,4,860.12,201,1
13340.0,45,7,10736.48,0,3,26,10736.48,45,0
13341.0,261,1,775.85,1,1,15,775.85,261,1
13343.0,178,1,353.43,1,1,4,353.43,178,1
13344.0,68,3,2543.72,0,0,-1,2543.72,68,0
13345.0,288,1,389.5,1,1,3,389.5,288,1
13347.0,70,1,341.35999999999996,0,1,1,341.35999999999996,70,0
13348.0,64,1,233.76,0,1,1,233.76000000000002,64,0
13349.0,11,1,247.32,0,1,18,247.32,11,0
13350.0,16,2,979.12,0,0,13,979.12,16,0
13351.0,66,1,373.94,0,1,1,373.94,66,0
13352.0,60,1,397.98,0,1,1,397.97999999999996,60,0
13354.0,71,1,743.53,0,0,1,743.53,71,0
13355.0,122,1,674.7,0,1,1,674.7,122,1
13356.0,80,1,768.24,0,0,1,768.24,80,0
13357.0,257,1,609.95,1,1,14,609.95,257,1
13358.0,269,1,439.03,1,1,15,439.03,269,1
13359.0,64,1,439.56,0,1,1,439.56,64,0
13362.0,9,4,3090.74,0,0,22,3090.7400000000002,9,0
13363.0,18,2,992.5,0,0,13,992.5,18,0
13364.0,71,1,134.96,0,1,1,134.96,71,0
13365.0,34,2,2225.37,0,0,13,2225.37,34,0
13366.0,50,1,56.16,0,1,1,56.16,50,0
13368.0,257,2,623.4,1,1,2,623.4,257,1
13369.0,366,1,308.28000000000003,1,1,0,308.28000000000003,366,1
13370.0,372,1,754.87,1,1,0,754.87,372,1
13372.0,90,1,378.64,0,1,1,378.64,90,0
13373.0,61,3,3312.25,0,0,-1,3312.25,61,0
13375.0,89,1,778.65,0,1,1,778.65,89,0
13376.0,99,3,1019.76,0,0,20,1019.76,99,1
13379.0,26,3,572.56,0,0,20,572.56,26,0
13381.0,32,6,3639.31,0,0,23,3639.31,32,0
13382.0,281,1,222.99,1,1,3,222.99,281,1
13384.0,31,7,4151.93,0,0,24,4151.93,31,0
13385.0,330,1,534.57,1,1,2,534.57,330,1
13388.0,131,2,677.1,0,1,8,677.1,131,1
13389.0,11,3,797.96,0,0,20,797.96,11,0
13390.0,75,1,544.08,0,1,1,544.08,75,0
13391.0,204,1,59.8,1,1,4,59.8,204,1
13394.0,2,8,2520.02,0,0,17,2520.02,2,0
13395.0,185,1,307.72,1,1,4,307.72,185,1
13396.0,29,2,1360.99,0,0,13,1360.99,29,0
13397.0,73,5,1544.13,0,0,21,1544.13,73,0
13398.0,192,1,457.34,1,1,4,457.34,192,1
13402.0,127,2,621.23,0,1,8,621.23,127,1
13403.0,18,1,75.0,0,1,19,75.0,18,0
13404.0,1,2,252.49,0,1,12,252.49,1,0
13405.0,74,3,572.451,0,0,20,572.451,74,0
13408.0,2,62,28117.04,3,2,27,28117.04,2,0
13410.0,24,5,1003.06,0,0,6,1003.06,24,0
13411.0,107,1,213.55,0,1,1,213.55,107,1
13414.0,134,3,1390.5,0,3,21,1390.5,134,1
13416.0,44,2,712.5,0,1,13,712.5,44,0
13417.0,5,2,640.83,0,1,12,640.83,5,0
13418.0,12,18,6127.43,3,3,27,6127.43,12,0
13419.0,64,1,221.06,0,1,1,221.06,64,0
13420.0,150,2,159.85,1,1,8,159.85,150,1
13421.0,40,2,1851.08,0,0,13,1851.08,40,0
13422.0,64,1,2626.3,0,0,1,2626.3,64,0
13425.0,108,3,1624.21,0,0,21,1624.21,108,1
13426.0,1,10,3641.32,0,0,27,3641.32,1,0
13427.0,19,3,582.6,0,0,20,582.6,19,0
13428.0,10,1,218.47,0,1,18,218.47,10,0
13429.0,11,4,1006.8,0,0,22,1006.8,11,0
13430.0,19,2,679.4499999999999,0,1,13,679.4499999999999,19,0
13431.0,67,2,1269.1,0,0,13,1269.1,67,0
13434.0,74,2,534.24,0,1,13,534.24,74,0
13435.0,5,7,3809.89,0,0,24,3809.89,5,0
13436.0,2,1,196.89,0,1,11,196.89,2,0
13437.0,14,7,3408.06,0,0,24,3408.06,14,0
13439.0,255,1,283.71,1,1,14,283.71,255,1
13441.0,92,1,296.64,0,1,1,296.64,92,1
13447.0,23,3,1129.14,0,0,20,1129.14,23,0
13448.0,17,6,3539.3700000000003,0,0,23,3539.3700000000003,17,0
13449.0,24,1,291.88,0,1,19,291.88,24,0
13450.0,27,6,2043.72,0,0,23,2043.72,27,0
13451.0,26,5,2976.15,0,0,6,2976.15,26,0
13452.0,259,2,590.0,1,1,2,590.0,259,1
13453.0,166,2,356.97999999999996,1,1,8,356.97999999999996,166,1
13455.0,25,2,1058.34,0,0,13,1058.34,25,0
13456.0,18,6,1766.72,0,0,23,1766.72,18,0
13458.0,7,14,9646.57,3,3,27,9646.57,7,0
13460.0,29,2,183.44,0,1,13,183.44,29,0
13461.0,39,3,1445.0,0,0,20,1445.0,39,0
13462.0,253,1,151.5,1,1,14,151.5,253,1
13464.0,58,1,674.68,0,1,1,674.68,58,0
13466.0,184,1,307.90000000000003,1,1,4,307.90000000000003,184,1
13467.0,11,2,1083.71,0,0,12,1083.71,11,0
13468.0,2,37,5704.97,3,2,27,5704.97,2,0
13470.0,99,2,165.0,0,1,13,165.0,99,1
13471.0,1,4,2531.58,0,0,22,2531.58,1,0
13473.0,61,2,422.64,0,1,13,422.64,61,0
13474.0,236,1,229.59,1,1,10,229.59,236,1
13475.0,191,4,1431.78,1,3,21,1431.78,191,1
13476.0,179,2,1238.47,1,3,8,1238.47,179,1
13477.0,38,6,1454.58,0,0,23,1454.58,38,0
13479.0,201,2,300.95,1,1,2,300.95,201,1
13481.0,46,5,1804.56,0,0,6,1804.56,46,0
13482.0,232,1,184.64,1,1,10,184.64,232,1
13483.0,66,1,140.34,0,1,1,140.34,66,0
13484.0,241,1,313.8,1,1,10,313.8,241,1
13485.0,233,1,454.24,1,1,10,454.24,233,1
13486.0,78,3,1122.41,0,0,20,1122.41,78,0
13487.0,58,3,575.4,0,0,20,575.4,58,0
13488.0,17,13,8968.31,3,3,27,8968.31,17,0
13489.0,105,4,449.52,0,0,21,449.52,105,1
13491.0,52,10,1215.82,0,3,24,1215.82,52,0
13492.0,136,3,1269.84,0,3,21,1269.84,136,1
13493.0,275,2,618.63,1,1,2,618.63,275,1
13494.0,312,1,316.26000000000005,1,1,3,316.26000000000005,312,1
13495.0,8,5,2044.87,0,0,6,2044.87,8,0
13496.0,11,2,653.33,0,1,12,653.33,11,0
13497.0,283,2,348.05,1,1,2,348.05,283,1
13499.0,18,5,1159.11,0,0,6,1159.1100000000001,18,0
13500.0,23,3,1166.77,0,0,20,1166.77,23,0
13501.0,288,1,1340.32,1,3,3,1340.32,288,1
13502.0,17,3,292.0,0,0,20,292.0,17,0
13503.0,71,1,216.85,0,1,1,216.85,71,0
13504.0,64,1,295.93,0,1,1,295.93,64,0
13505.0,73,4,4393.63,0,3,22,4393.63,73,0
13506.0,316,2,458.52,1,1,2,458.52,316,1
13507.0,3,4,2479.16,0,0,22,2479.16,3,0
13508.0,244,1,110.97,1,1,9,110.97,244,1
13509.0,9,7,979.72,0,0,24,979.72,9,0
13510.0,1,4,1791.56,0,0,22,1791.56,1,0
13512.0,261,1,251.21,1,1,15,251.21,261,1
13513.0,127,1,205.1,0,1,1,205.1,127,1
13514.0,74,1,152.20000000000002,0,1,1,152.20000000000002,74,0
13515.0,73,4,891.12,0,0,22,891.12,73,0
13516.0,21,3,1389.41,0,0,20,1389.41,21,0
13517.0,60,3,2128.42,0,0,20,2128.42,60,0
13518.0,86,1,659.4399999999999,0,1,1,659.4399999999999,86,0
13519.0,78,1,122.75,0,1,1,122.75,78,0
13520.0,59,6,3624.35,0,0,21,3624.35,59,0
13521.0,1,3,1093.65,0,0,20,1093.65,1,0
13522.0,30,1,125.8,0,1,16,125.80000000000001,30,0
13523.0,33,5,3964.88,0,0,22,3964.88,33,0
13524.0,41,5,680.1800000000001,0,0,6,680.1800000000001,41,0
13525.0,15,2,628.78,0,1,13,628.78,15,0
13527.0,34,7,2287.51,0,0,24,2287.51,34,0
13529.0,79,2,307.76,0,1,13,307.76,79,0
13531.0,205,2,483.8,1,1,2,483.8,205,1
13532.0,34,1,210.31,0,1,16,210.31,34,0
13533.0,183,3,270.79,1,1,21,270.79,183,1
13534.0,2,25,5870.08,3,3,27,5870.08,2,0
13536.0,1,7,3448.29,0,0,24,3448.29,1,0
13538.0,43,7,1280.85,0,0,24,1280.85,43,0
13539.0,86,3,631.34,0,1,20,631.34,86,0
13544.0,40,2,291.41,0,1,13,291.41,40,0
13546.0,12,3,626.99,0,0,20,626.99,12,0
13548.0,96,2,682.41,0,1,13,682.41,96,1
13549.0,26,7,918.2,0,0,24,918.2,26,0
13551.0,319,1,91.8,1,1,3,91.80000000000001,319,1
13552.0,66,12,3740.07,0,3,27,3740.07,66,0
13555.0,74,4,4149.28,0,3,22,4149.28,74,0
13557.0,28,2,584.0600000000001,0,1,13,584.0600000000001,28,0
13558.0,6,4,605.06,0,0,22,605.06,6,0
13560.0,7,1,174.37,0,1,18,174.37,7,0
13561.0,216,1,141.86,1,1,4,141.85999999999999,216,1
13562.0,82,3,1799.33,0,0,20,1799.33,82,0
13563.0,84,2,777.53,0,1,13,777.53,84,0
13564.0,144,3,1749.02,0,3,21,1749.02,144,1
13565.0,19,2,240.22,0,1,13,240.22,19,0
13566.0,41,2,874.71,0,0,13,874.71,41,0
13568.0,173,1,192.85,1,1,4,192.85,173,1
13569.0,17,2,373.75,0,1,13,373.75,17,0
13570.0,243,1,239.49,1,1,10,239.49,243,1
13571.0,13,12,2092.32,0,3,27,2092.32,13,0
13572.0,206,1,1384.25,1,3,4,1384.25,206,1
13573.0,50,2,294.4,0,1,13,294.4,50,0
13575.0,23,5,732.0699999999999,0,0,6,732.0699999999999,23,0
13576.0,10,18,6717.34,3,3,27,6717.34,10,0
13577.0,25,4,1687.6,0,0,22,1687.6000000000001,25,0
13579.0,15,2,467.04,0,1,13,467.04,15,0
13581.0,309,1,118.0,1,1,3,118.0,309,1
13583.0,156,1,781.03,1,1,1,781.03,156,1
13584.0,307,1,142.4,1,1,3,142.4,307,1
13587.0,64,1,712.4,0,0,1,712.4,64,0
13588.0,16,9,2478.95,0,0,25,2478.95,16,0
13589.0,15,2,379.65,0,1,13,379.65,15,0
13590.0,11,6,1981.92,0,0,23,1981.92,11,0
13591.0,65,3,1117.13,0,0,20,1117.13,65,0
13592.0,36,4,247.96,0,0,22,247.95999999999998,36,0
13593.0,108,5,2037.08,0,0,21,2037.0800000000002,108,1
13594.0,53,1,396.97,0,1,1,396.97,53,0
13596.0,6,2,697.04,0,1,12,697.04,6,0
13598.0,47,1,180.17,0,1,7,180.17000000000002,47,0
13599.0,1,21,5153.67,3,3,27,5153.67,1,0
13600.0,312,1,219.52,1,1,3,219.52,312,1
13601.0,45,2,693.32,0,1,13,693.32,45,0
13602.0,65,1,428.89,0,1,1,428.89,65,0
13603.0,26,1,164.34,0,1,19,164.34,26,0
13606.0,29,3,280.54,0,0,20,280.54,29,0
13607.0,40,1,678.01,0,0,16,678.01,40,0
13610.0,12,7,1131.88,0,0,24,1131.88,12,0
13611.0,89,3,1171.8,0,0,20,1171.8,89,0
13614.0,24,4,1610.46,0,0,22,1610.46,24,0
13615.0,319,1,417.69,1,1,3,417.69,319,1
13617.0,40,3,544.18,0,0,20,544.18,40,0
13618.0,174,1,177.34,1,1,4,177.34,174,1
13621.0,117,1,213.85,0,1,1,213.85,117,1
13623.0,31,5,747.78,0,0,6,747.78,31,0
13626.0,253,1,257.23,1,1,14,257.23,253,1
13627.0,59,5,1638.47,0,0,21,1638.47,59,0
13629.0,23,11,7792.36,0,3,27,7792.36,23,0
13630.0,5,7,2031.78,0,0,24,2031.78,5,0
13631.0,100,11,3070.42,0,3,-1,3070.42,100,1
13632.0,25,5,2121.27,0,0,6,2121.27,25,0
13634.0,33,5,1575.16,0,0,6,1575.16,33,0
13635.0,68,1,1071.03,0,0,1,1071.03,68,0
13636.0,37,5,949.12,0,0,6,949.12,37,0
13637.0,52,3,810.5,0,0,20,810.5,52,0
13638.0,16,1,122.64,0,1,19,122.64,16,0
13639.0,74,1,1033.34,0,0,1,1033.34,74,0
13642.0,216,1,354.8,1,1,4,354.8,216,1
13643.0,31,3,519.44,0,0,20,519.44,31,0
13644.0,16,4,2624.26,0,0,22,2624.26,16,0
13645.0,120,1,252.1,0,1,1,252.1,120,1
13647.0,10,4,1678.12,0,0,22,1678.1200000000001,10,0
13649.0,257,2,346.6,1,1,2,346.6,257,1
13650.0,17,6,1836.34,0,0,23,1836.3400000000001,17,0
13651.0,35,2,94.2,0,0,13,94.2,35,0
13652.0,46,3,1095.08,0,0,20,1095.08,46,0
13654.0,43,6,2707.33,0,0,21,2707.33,43,0
13655.0,114,2,932.97,0,1,8,932.97,114,1
13656.0,165,2,379.65,1,1,8,379.65,165,1
13657.0,11,2,382.14,0,1,12,382.14,11,0
13658.0,10,5,2639.17,0,0,6,2639.17,10,0
13659.0,206,2,1573.2,1,3,2,1573.2,206,1
13662.0,86,3,897.76,0,0,20,897.76,86,0
13663.0,179,1,189.47,1,1,4,189.47,179,1
13666.0,60,3,84.65,0,0,20,84.65,60,0
13667.0,149,1,305.02,1,1,1,305.02,149,1
13668.0,3,21,6363.59,3,3,27,6363.59,3,0
13669.0,51,2,218.55,0,1,13,218.55,51,0
13670.0,75,1,349.7,0,1,1,349.7,75,0
13672.0,301,2,186.39,1,1,2,186.39000000000001,301,1
13673.0,19,2,396.92,0,1,13,396.92,19,0
13675.0,151,2,486.8200000000001,1,1,8,486.82000000000005,151,1
13678.0,152,1,232.6,1,1,1,232.6,152,1
13680.0,1,4,3722.42,0,0,22,3722.42,1,0
13681.0,18,4,827.83,0,0,22,827.83,18,0
13682.0,187,1,59.5,1,1,4,59.5,187,1
13684.0,286,1,67.23,1,1,3,67.23,286,1
13685.0,3,7,3119.44,0,0,24,3119.44,3,0
13686.0,183,1,72.0,1,1,4,72.0,183,1
13689.0,63,1,910.0,0,0,1,910.0,63,0
13690.0,59,1,172.25,0,1,1,172.25,59,0
13692.0,25,3,1488.32,0,0,20,1488.32,25,0
13694.0,4,50,65039.62,3,2,27,65039.62,4,0
13695.0,31,15,2504.13,0,3,27,2504.13,31,0
13697.0,39,1,151.29999999999998,0,1,16,151.29999999999998,39,0
13699.0,155,1,308.58000000000004,1,1,1,308.58000000000004,155,1
13700.0,26,10,2265.12,0,0,27,2265.12,26,0
13703.0,318,1,99.5,1,1,3,99.5,318,1
13704.0,5,9,2308.06,0,0,25,2308.06,5,0
13705.0,8,3,711.86,0,0,20,711.86,8,0
13706.0,303,1,330.79,1,1,3,330.79,303,1
13707.0,267,2,806.41,1,1,2,806.41,267,1
13708.0,271,1,296.88,1,1,15,296.88,271,1
13709.0,4,13,6328.05,0,3,27,6328.05,4,0
13710.0,32,1,180.48,0,1,16,180.48,32,0
13711.0,219,2,252.06,1,1,2,252.06,219,1
13712.0,247,1,228.84,1,1,9,228.84,247,1
13715.0,281,5,1079.34,1,3,2,1079.34,281,1
13716.0,269,1,138.28,1,1,15,138.28,269,1
13717.0,32,6,1445.01,0,0,23,1445.01,32,0
13718.0,246,2,306.55,1,1,2,306.55,246,1
13719.0,15,5,1041.68,0,0,6,1041.68,15,0
13720.0,117,4,799.9,0,0,21,799.9,117,1
13721.0,36,1,524.14,0,1,16,524.14,36,0
13722.0,132,3,2375.41,0,3,21,2375.41,132,1
13723.0,217,1,199.85,1,1,4,199.85000000000002,217,1
13725.0,50,8,1980.56,0,0,24,1980.56,50,0
13726.0,39,2,1079.66,0,0,13,1079.66,39,0
13727.0,29,2,333.48,0,1,13,333.48,29,0
13728.0,37,6,1016.14,0,0,23,1016.14,37,0
13730.0,136,2,752.6,0,1,8,752.6,136,1
13731.0,219,2,610.59,1,1,2,610.59,219,1
13732.0,28,1,491.86,0,1,16,491.86,28,0
13735.0,25,4,2885.24,0,0,22,2885.2400000000002,25,0
13736.0,5,2,731.9,0,1,12,731.9,5,0
13737.0,200,1,339.59999999999997,1,1,4,339.59999999999997,200,1
13739.0,18,1,216.9,0,1,19,216.9,18,0
13740.0,241,1,350.75,1,1,10,350.75,241,1
13741.0,72,3,668.4300000000001,0,0,20,668.4300000000001,72,0
13742.0,17,12,3131.02,0,0,27,3131.02,17,0
13743.0,3,7,1341.6,0,0,24,1341.6,3,0
13744.0,95,2,1156.36,0,0,13,1156.36,95,1
13745.0,162,1,300.04,1,1,1,300.04,162,1
13747.0,374,1,79.6,1,1,0,79.6,374,1
13748.0,96,5,948.25,0,0,21,948.25,96,1
13750.0,54,5,1647.26,0,0,21,1647.26,54,0
13751.0,288,1,296.25,1,1,3,296.25,288,1
13752.0,124,6,1186.28,0,3,21,1186.28,124,1
13753.0,288,1,741.26,1,1,3,741.26,288,1
13754.0,152,2,282.6,1,1,8,282.6,152,1
13755.0,4,9,2161.35,0,0,25,2161.35,4,0
13756.0,2,14,5189.52,3,3,27,5189.52,2,0
13758.0,12,7,3190.55,0,0,24,3190.55,12,0
13759.0,33,2,659.4100000000001,0,1,13,659.4100000000001,33,0
13760.0,54,2,286.79,0,1,13,286.79,54,0
13761.0,50,2,1070.65,0,0,13,1070.65,50,0
13762.0,219,1,306.72,1,1,4,306.72,219,1
13763.0,63,1,1714.96,0,0,1,1714.96,63,0
13764.0,71,3,1521.76,0,0,20,1521.76,71,0
13767.0,2,37,17220.36,3,2,27,17220.36,2,0
13769.0,2,10,2796.51,0,0,27,2796.51,2,0
13771.0,64,4,2634.45,0,0,22,2634.45,64,0
13772.0,34,3,1132.13,0,0,20,1132.13,34,0
13774.0,82,1,345.0,0,1,1,345.0,82,0
13777.0,1,33,25977.16,3,2,27,25977.16,1,0
13778.0,103,1,178.7,0,1,1,178.7,103,1
13780.0,7,2,360.01,0,1,12,360.01,7,0
13781.0,251,1,127.84,1,1,-1,127.84,251,1
13782.0,13,6,912.0,0,0,23,912.0,13,0
13784.0,10,11,2462.79,0,0,27,2462.79,10,0
13786.0,367,1,230.4,1,1,0,230.4,367,1
13787.0,76,2,309.04,0,1,13,309.04,76,0
13790.0,4,1,348.79999999999995,0,1,11,348.79999999999995,4,0
13791.0,128,2,1516.0,0,3,8,1516.0,128,1
13792.0,66,2,195.55,0,1,13,195.55,66,0
13798.0,1,57,37153.85,3,2,27,37153.85,1,0
13799.0,117,2,688.86,0,1,8,688.86,117,1
13800.0,310,1,558.32,1,1,3,558.32,310,1
13801.0,67,1,324.8,0,1,1,324.8,67,0
13802.0,139,3,4599.42,0,3,21,4599.42,139,1
13803.0,255,1,277.07,1,1,14,277.07,255,1
13804.0,31,7,2635.79,0,0,24,2635.79,31,0
13805.0,52,2,924.6,0,0,13,924.5999999999999,52,0
13806.0,64,1,256.38,0,1,1,256.38,64,0
13807.0,367,1,112.6,1,1,0,112.6,367,1
13808.0,6,5,1747.66,0,0,6,1747.66,6,0
13809.0,305,1,155.05,1,1,3,155.05,305,1
13810.0,29,3,1499.01,0,0,20,1499.01,29,0
13811.0,184,3,814.5,1,1,21,814.5,184,1
13812.0,42,3,539.0,0,0,20,539.0,42,0
13813.0,40,4,1366.86,0,0,22,1366.8600000000001,40,0
13814.0,92,2,1579.12,0,0,13,1579.12,92,1
13815.0,22,4,4027.36,0,3,22,4027.36,22,0
13816.0,24,2,571.67,0,1,13,571.67,24,0
13817.0,29,2,382.98,0,1,13,382.98,29,0
13819.0,302,3,1140.35,1,1,2,1140.35,302,1
13821.0,145,2,385.64,1,1,8,385.64,145,1
13822.0,6,2,632.0,0,1,12,632.0,6,0
13823.0,19,2,957.66,0,0,13,957.66,19,0
13824.0,33,5,1698.94,0,0,6,1698.94,33,0
13826.0,176,1,189.5,1,1,4,189.5,176,1
13827.0,58,3,412.05,0,0,20,412.05,58,0
13828.0,22,1,209.49,0,1,19,209.49,22,0
13831.0,16,6,2202.99,0,0,23,2202.99,16,0
13832.0,19,1,52.2,0,1,19,52.199999999999996,19,0
13833.0,159,1,384.8,1,1,1,384.8,159,1
13835.0,25,4,834.57,0,0,22,834.57,25,0
13837.0,212,2,271.24,1,1,2,271.24,212,1
13838.0,6,4,691.73,0,0,22,691.73,6,0
13841.0,253,1,85.0,1,1,14,85.0,253,1
13842.0,59,9,3385.62,0,0,-1,3385.62,59,0
13844.0,11,1,361.62,0,1,18,361.62,11,0
13845.0,65,1,312.98,0,1,1,312.98,65,0
13846.0,25,3,865.0600000000001,0,0,20,865.0600000000001,25,0
13848.0,92,3,1255.0,0,0,20,1255.0,92,1
13849.0,52,2,1537.95,0,0,13,1537.95,52,0
13850.0,129,1,1595.48,0,3,1,1595.48,129,1
13851.0,96,3,2651.46,0,0,-1,2651.46,96,1
13853.0,57,1,1090.14,0,0,1,1090.1399999999999,57,0
13854.0,9,25,8109.52,3,2,27,8109.5199999999995,9,0
13856.0,169,3,388.5,1,1,21,388.5,169,1
13858.0,57,1,216.17,0,1,1,216.17000000000002,57,0
13859.0,326,1,201.16,1,1,3,201.16,326,1
13860.0,1,5,1245.9,0,0,6,1245.9,1,0
13862.0,18,8,2209.36,0,0,17,2209.36,18,0
13863.0,248,1,305.78,1,1,9,305.78,248,1
13865.0,58,4,501.56,0,0,22,501.56,58,0
13866.0,74,1,145.67,0,1,1,145.67,74,0
13867.0,31,3,1015.29,0,0,20,1015.29,31,0
13868.0,7,2,3192.54,0,0,20,3192.54,7,0
13869.0,123,4,3104.9500000000003,0,3,21,3104.9500000000003,123,1
13870.0,2,8,2770.94,0,0,17,2770.94,2,0
13871.0,23,13,6403.25,0,3,27,6403.25,23,0
13873.0,120,3,389.6,0,1,21,389.6,120,1
13874.0,358,1,540.45,1,1,0,540.45,358,1
13875.0,54,5,1786.79,0,0,21,1786.79,54,0
13876.0,64,1,122.7,0,1,1,122.7,64,0
13877.0,86,1,117.24,0,1,1,117.24,86,0
13878.0,55,1,1281.53,0,0,1,1281.53,55,0
13880.0,21,13,3219.77,0,3,27,3219.77,21,0
13881.0,4,20,17159.52,3,2,-1,17159.52,4,0
13882.0,3,5,1191.13,0,0,6,1191.13,3,0
13883.0,11,5,2674.48,0,0,6,2674.48,11,0
13884.0,7,5,787.6,0,0,6,787.6,7,0
13885.0,189,2,506.8,1,1,2,506.8,189,1
13886.0,71,1,243.56,0,1,1,243.56,71,0
13887.0,204,1,349.55,1,1,4,349.55,204,1
13888.0,120,2,605.63,0,1,8,605.63,120,1
13889.0,93,1,416.9,0,1,1,416.90000000000003,93,1
13890.0,1,10,1883.81,0,0,27,1883.81,1,0
13892.0,27,4,632.97,0,0,22,632.97,27,0
13893.0,298,1,821.1,1,1,3,821.1,298,1
13894.0,24,3,564.62,0,0,20,564.62,24,0
13895.0,28,4,2593.07,0,0,22,2593.07,28,0
13897.0,50,1,311.16,0,1,1,311.16,50,0
13898.0,326,1,155.93,1,1,3,155.93,326,1
13899.0,16,2,388.52,0,1,13,388.52,16,0
13900.0,183,3,740.95,1,1,21,740.95,183,1
13901.0,72,5,2867.2,0,0,21,2867.2,72,0
13904.0,37,2,332.64,0,1,13,332.64,37,0
13908.0,80,4,2369.55,0,0,22,2369.55,80,0
13911.0,57,9,2580.91,0,0,-1,2580.91,57,0
13914.0,12,2,626.45,0,1,12,626.45,12,0
13917.0,50,2,272.04,0,1,13,272.04,50,0
13918.0,50,2,1212.84,0,0,13,1212.8400000000001,50,0
13919.0,59,2,384.81,0,1,13,384.81,59,0
13922.0,352,1,172.25,1,1,0,172.25,352,1
13923.0,54,1,351.13,0,1,1,351.13,54,0
13924.0,2,6,1838.85,0,0,23,1838.8500000000001,2,0
13925.0,93,4,678.25,0,0,-1,678.25,93,1
13926.0,23,1,223.85,0,1,19,223.85000000000002,23,0
13927.0,75,1,348.99,0,1,1,348.99,75,0
13928.0,11,4,464.57,0,0,22,464.57,11,0
13929.0,169,2,842.65,1,1,8,842.65,169,1
13930.0,58,2,337.34,0,1,13,337.34,58,0
13931.0,96,2,1237.53,0,0,13,1237.53,96,1
13932.0,295,1,307.4,1,1,3,307.4,295,1
13933.0,109,2,608.79,0,1,8,608.79,109,1
13934.0,264,1,922.1,1,1,15,922.1,264,1
13936.0,180,1,376.58,1,1,4,376.58,180,1
13937.0,169,1,158.85,1,1,4,158.85,169,1
13938.0,35,1,71.66,0,1,16,71.66,35,0
13939.0,23,3,568.55,0,0,20,568.55,23,0
13940.0,17,4,839.14,0,0,22,839.14,17,0
13941.0,22,5,5112.96,0,3,22,5112.96,22,0
13946.0,79,3,561.57,0,0,20,561.57,79,0
13947.0,65,1,90.6,0,1,1,90.6,65,0
13948.0,361,1,102.0,1,1,0,102.0,361,1
13949.0,3,6,2427.32,0,0,23,2427.32,3,0
13950.0,11,4,745.06,0,0,22,745.06,11,0
13951.0,176,3,674.45,1,1,21,674.45,176,1
13952.0,218,2,3251.071,1,3,2,3251.071,218,1
13953.0,7,7,3515.68,0,0,24,3515.68,7,0
13954.0,2,2,439.92,0,1,12,439.92,2,0
13955.0,154,2,322.96,1,1,8,322.96,154,1
13956.0,5,5,1026.42,0,0,6,1026.42,5,0
13959.0,79,3,598.2,0,0,20,598.2,79,0
13960.0,21,2,230.22,0,1,13,230.22,21,0
13962.0,22,2,169.54999999999998,0,1,13,169.54999999999998,22,0
13963.0,308,4,664.54,1,3,2,664.54,308,1
13967.0,146,1,80.7,1,1,1,80.7,146,1
13969.0,7,18,9053.94,3,3,27,9053.94,7,0
13971.0,19,8,2758.26,0,0,17,2758.26,19,0
13972.0,71,2,190.25,0,1,13,190.25,71,0
13973.0,287,1,264.7,1,1,3,264.7,287,1
13974.0,49,1,413.59,0,1,1,413.59000000000003,49,0
13975.0,31,6,2526.28,0,0,23,2526.28,31,0
13976.0,207,1,357.98,1,1,4,357.98,207,1
13978.0,15,2,196.79,0,1,13,196.79,15,0
13979.0,73,1,869.87,0,0,1,869.87,73,0
13980.0,60,1,200.14,0,1,1,200.14,60,0
13982.0,39,4,1871.81,0,0,22,1871.81,39,0
13983.0,30,12,2603.43,0,3,27,2603.43,30,0
13984.0,27,5,920.51,0,0,6,920.51,27,0
13985.0,4,15,7060.13,3,3,27,7060.13,4,0
13986.0,17,1,320.46,0,1,19,320.46,17,0
13988.0,20,6,4147.96,0,0,23,4147.96,20,0
13989.0,66,2,1266.08,0,0,13,1266.08,66,0
13990.0,213,1,311.3,1,1,4,311.3,213,1
13991.0,12,6,855.97,0,0,23,855.97,12,0
13992.0,30,1,76.8,0,1,16,76.8,30,0
13993.0,43,9,3466.36,0,0,24,3466.36,43,0
13994.0,4,6,2313.14,0,0,23,2313.14,4,0
13995.0,15,5,1393.69,0,0,6,1393.69,15,0
13999.0,10,12,3901.81,0,0,27,3901.81,10,0
14000.0,211,1,635.66,1,1,4,635.66,211,1
14001.0,46,3,2043.08,0,0,20,2043.0800000000002,46,0
14002.0,134,2,529.73,0,1,8,529.73,134,1
14004.0,43,7,4582.64,0,3,24,4582.64,43,0
14005.0,10,5,2874.72,0,0,6,2874.72,10,0
14006.0,116,3,962.19,0,1,21,962.19,116,1
14009.0,198,2,695.61,1,1,2,695.61,198,1
14012.0,278,1,328.8,1,1,5,328.8,278,1
14013.0,110,3,473.02,0,1,21,473.02,110,1
14014.0,77,1,505.18,0,1,1,505.18,77,0
14015.0,53,1,917.34,0,0,1,917.34,53,0
14016.0,162,4,4341.21,1,3,21,4341.21,162,1
14019.0,47,3,1421.61,0,0,20,1421.61,47,0
14020.0,17,2,642.8,0,1,13,642.8,17,0
14021.0,155,3,631.9,1,1,21,631.9,155,1
14022.0,225,1,440.0,1,1,4,440.0,225,1
14023.0,7,2,584.07,0,1,12,584.07,7,0
14024.0,122,2,327.7,0,1,8,327.7,122,1
14027.0,61,1,104.82,0,1,1,104.82,61,0
14029.0,63,2,467.66,0,1,13,467.66,63,0
14030.0,18,8,2360.09,0,0,17,2360.09,18,0
14031.0,7,19,17286.86,3,3,-1,17286.86,7,0
14032.0,2,11,2975.59,0,0,27,2975.59,2,0
14034.0,22,3,651.82,0,0,20,651.82,22,0
14035.0,29,5,1428.02,0,0,6,1428.02,29,0
14036.0,285,1,626.65,1,1,3,626.65,285,1
14037.0,176,2,147.20000000000002,1,1,8,147.20000000000002,176,1
14038.0,78,3,1560.38,0,0,20,1560.38,78,0
14039.0,33,1,152.2,0,1,16,152.2,33,0
14040.0,41,12,3614.92,0,3,27,3614.92,41,0
14041.0,266,1,141.41,1,1,15,141.41,266,1
14044.0,27,4,652.82,0,0,22,652.82,27,0
14045.0,109,4,1659.75,0,0,21,1659.75,109,1
14046.0,284,1,154.99,1,1,3,154.99,284,1
14047.0,9,5,1308.61,0,0,6,1308.6100000000001,9,0
14048.0,305,1,409.93,1,1,3,409.93,305,1
14049.0,17,4,5681.72,0,3,22,5681.72,17,0
14050.0,32,2,746.36,0,1,13,746.36,32,0
14051.0,1,23,15610.39,3,2,27,15610.390000000001,1,0
14052.0,20,1,225.36,0,1,19,225.36,20,0
14053.0,124,2,260.25,0,1,8,260.25,124,1
14054.0,65,1,92.46,0,1,1,92.46000000000001,65,0
14055.0,106,1,725.6400000000001,0,1,1,725.6400000000001,106,1
14056.0,1,23,8214.65,3,3,27,8214.65,1,0
14057.0,24,17,6217.96,3,3,27,6217.96,24,0
14059.0,267,1,183.6,1,1,15,183.6,267,1
14060.0,5,19,6140.42,3,3,27,6140.42,5,0
14062.0,10,12,10464.85,3,3,-1,10464.85,10,0
14064.0,29,5,1353.74,0,0,6,1353.74,29,0
14066.0,267,1,152.55,1,1,15,152.55,267,1
14067.0,64,2,374.7,0,1,13,374.7,64,0
14068.0,320,1,265.85,1,1,3,265.85,320,1
14071.0,4,8,1438.82,0,0,17,1438.82,4,0
14073.0,32,1,151.04,0,1,16,151.04,32,0
14075.0,5,3,942.26,0,0,20,942.26,5,0
14076.0,129,1,122.47,0,1,1,122.47,129,1
14077.0,41,5,499.42,0,0,6,499.42,41,0
14078.0,102,6,1049.37,0,0,21,1049.37,102,1
14079.0,125,1,375.1,0,1,1,375.1,125,1
14080.0,33,1,45.599999999999994,0,1,16,45.599999999999994,33,0
14081.0,302,2,934.52,1,1,2,934.52,302,1
14082.0,365,1,182.25,1,1,0,182.25,365,1
14083.0,4,9,1018.43,0,0,25,1018.43,4,0
14085.0,2,18,4448.54,3,3,27,4448.54,2,0
14087.0,3,1,194.42,0,1,11,194.42,3,0
14088.0,10,13,50491.81,3,2,27,50491.81,10,0
14089.0,57,1,161.0,0,1,1,161.0,57,0
14090.0,325,1,76.32000000000001,1,1,3,76.32000000000001,325,1
14092.0,8,14,4076.91,0,3,27,4076.91,8,0
14093.0,12,1,442.85,0,1,18,442.85,12,0
14096.0,4,17,65164.79,3,2,27,65164.79,4,0
14098.0,37,1,147.35,0,1,16,147.35,37,0
14099.0,16,11,3104.17,0,0,27,3104.17,16,0
14100.0,138,1,194.9,0,1,1,194.9,138,1
14101.0,74,6,5976.79,0,3,21,5976.79,74,0
14102.0,5,5,1360.28,0,0,6,1360.28,5,0
14104.0,155,2,216.21,1,1,8,216.21,155,1
14105.0,239,1,1266.23,1,3,10,1266.23,239,1
14107.0,52,7,2703.23,0,0,-1,2703.23,52,0
14108.0,31,2,597.91,0,1,13,597.91,31,0
14109.0,73,1,144.2,0,1,1,144.2,73,0
14110.0,4,12,5683.15,0,3,27,5683.15,4,0
14111.0,14,4,692.85,0,0,22,692.85,14,0
14112.0,23,7,2915.15,0,0,24,2915.15,23,0
14113.0,4,4,1840.42,0,0,22,1840.42,4,0
14114.0,274,2,386.53,1,1,2,386.53,274,1
14116.0,20,5,1382.74,0,0,6,1382.74,20,0
14117.0,144,1,90.0,1,1,1,90.0,144,1
14121.0,4,4,2780.15,0,0,22,2780.15,4,0
14124.0,84,1,419.58,0,1,1,419.58,84,0
14125.0,11,3,2740.43,0,0,20,2740.43,11,0
14126.0,8,3,706.1300000000001,0,0,20,706.1300000000001,8,0
14127.0,123,3,709.71,0,1,21,709.71,123,1
14128.0,61,2,637.5,0,1,13,637.5,61,0
14129.0,2,5,1123.86,0,0,6,1123.8600000000001,2,0
14130.0,319,1,483.86,1,1,3,483.86,319,1
14132.0,2,11,3586.0299999999997,0,0,27,3586.0299999999997,2,0
14133.0,130,3,605.64,0,1,21,605.64,130,1
14135.0,2,15,4690.31,3,3,27,4690.31,2,0
14138.0,2,2,982.38,0,0,12,982.38,2,0
14139.0,46,1,415.82,0,1,7,415.82,46,0
14140.0,4,2,935.05,0,0,12,935.05,4,0
14141.0,3,4,915.13,0,0,22,915.13,3,0
14142.0,373,1,311.81,1,1,0,311.81,373,1
14143.0,134,1,115.8,0,1,1,115.8,134,1
14145.0,47,4,3742.2,0,0,22,3742.2,47,0
14146.0,9,5,4191.0,0,3,22,4191.0,9,0
14147.0,78,2,483.4,0,1,13,483.4,78,0
14148.0,234,1,157.2,1,1,10,157.2,234,1
14149.0,221,1,446.62,1,1,4,446.62,221,1
14150.0,36,2,658.64,0,1,13,658.64,36,0
14152.0,75,2,621.29,0,1,13,621.29,75,0
14154.0,239,2,1345.62,1,3,2,1345.62,239,1
14155.0,266,1,118.75,1,1,15,118.75,266,1
14156.0,10,55,117379.63,2,2,27,117379.63,10,0
14157.0,20,2,432.88,0,1,13,432.88,20,0
14158.0,40,1,507.66,0,1,16,507.65999999999997,40,0
14159.0,20,11,4693.01,0,3,27,4693.01,20,0
14161.0,216,3,1110.52,1,1,2,1110.52,216,1
14162.0,174,2,289.36,1,1,8,289.36,174,1
14163.0,87,4,2445.91,0,0,22,2445.91,87,0
14164.0,71,2,1631.77,0,0,13,1631.77,71,0
14165.0,276,1,122.54,1,1,5,122.53999999999999,276,1
14167.0,39,4,574.84,0,0,22,574.84,39,0
14171.0,98,1,363.79,0,1,1,363.79,98,1
14173.0,11,4,450.84,0,0,22,450.84,11,0
14174.0,33,1,134.46,0,1,16,134.46,33,0
14175.0,60,3,3222.3,0,0,-1,3222.3,60,0
14176.0,297,4,576.9000000000001,1,3,2,576.9000000000001,297,1
14177.0,86,4,559.41,0,0,22,559.41,86,0
14178.0,9,7,1620.93,0,0,24,1620.93,9,0
14179.0,41,2,719.78,0,1,13,719.78,41,0
14180.0,11,25,4748.52,3,2,27,4748.52,11,0
14184.0,67,1,452.89,0,1,1,452.89,67,0
14185.0,331,1,197.65,1,1,2,197.65,331,1
14188.0,31,6,2054.36,0,0,23,2054.36,31,0
14189.0,2,15,4654.08,3,3,27,4654.08,2,0
14191.0,2,13,4684.76,0,3,27,4684.76,2,0
14193.0,68,2,853.39,0,1,13,853.39,68,0
14194.0,5,21,11349.52,3,3,27,11349.52,5,0
14195.0,202,2,1012.0,1,1,2,1012.0,202,1
14196.0,107,1,335.52,0,1,1,335.52,107,1
14198.0,18,4,701.4,0,0,22,701.4,18,0
14199.0,218,1,185.4,1,1,4,185.39999999999998,218,1
14201.0,60,7,747.44,0,0,21,747.44,60,0
14204.0,2,1,161.03,0,1,11,161.03,2,0
14205.0,17,2,466.7,0,1,13,466.7,17,0
14206.0,239,1,328.15999999999997,1,1,10,328.15999999999997,239,1
14208.0,95,1,151.74,0,1,1,151.74,95,1
14209.0,11,6,2073.43,0,0,23,2073.43,11,0
14210.0,106,6,1905.84,0,0,21,1905.8400000000001,106,1
14211.0,53,9,2241.1,0,0,-1,2241.1,53,0
14212.0,90,1,1070.48,0,0,1,1070.48,90,0
14214.0,31,5,1004.38,0,0,6,1004.38,31,0
14215.0,12,6,1789.72,0,0,23,1789.72,12,0
14216.0,3,4,1839.3,0,0,22,1839.3,3,0
14217.0,2,17,2004.98,3,3,27,2004.98,2,0
14218.0,43,1,169.48000000000002,0,1,7,169.48000000000002,43,0
14219.0,4,1,89.94,0,1,11,89.94,4,0
14220.0,247,2,632.4,1,1,2,632.4,247,1
14221.0,42,9,3432.8,0,0,24,3432.8,42,0
14222.0,177,1,683.17,1,1,4,683.17,177,1
14223.0,92,3,991.13,0,0,20,991.13,92,1
14224.0,110,4,1050.12,0,0,21,1050.1200000000001,110,1
14226.0,29,5,2232.19,0,0,6,2232.19,29,0
14227.0,26,10,3350.96,0,0,27,3350.96,26,0
14229.0,52,3,1547.2,0,0,20,1547.2,52,0
14231.0,184,3,925.71,1,1,21,925.71,184,1
14232.0,43,5,2048.07,0,0,6,2048.07,43,0
14233.0,49,4,1462.72,0,0,22,1462.72,49,0
14234.0,22,4,775.46,0,0,22,775.46,22,0
14235.0,75,5,3144.86,0,0,21,3144.86,75,0
14236.0,81,2,490.86,0,1,13,490.86,81,0
14237.0,373,1,161.0,1,1,0,161.0,373,1
14238.0,326,1,146.85,1,1,3,146.85,326,1
14239.0,43,11,2380.85,0,0,27,2380.85,43,0
14240.0,30,2,890.34,0,0,13,890.34,30,0
14241.0,184,1,213.7,1,1,4,213.70000000000002,184,1
14242.0,235,2,280.55,1,1,2,280.55,235,1
14243.0,9,10,2588.77,0,0,27,2588.77,9,0
14245.0,220,2,1693.45,1,3,2,1693.45,220,1
14246.0,111,3,1474.06,0,0,21,1474.06,111,1
14247.0,278,1,136.77,1,1,5,136.77,278,1
14248.0,318,1,302.58,1,1,3,302.58,318,1
14250.0,7,3,1904.05,0,0,20,1904.05,7,0
14251.0,2,5,2879.7000000000003,0,0,6,2879.7000000000003,2,0
14256.0,260,2,969.06,1,1,2,969.0600000000001,260,1
14257.0,64,5,3099.7200000000003,0,0,21,3099.7200000000003,64,0
14258.0,9,9,12669.98,0,3,-1,12669.98,9,0
14259.0,142,1,120.0,0,1,1,120.0,142,1
14261.0,51,2,1163.45,0,0,13,1163.45,51,0
14262.0,8,8,2618.23,0,0,17,2618.23,8,0
14264.0,155,2,333.97,1,1,8,333.97,155,1
14265.0,109,2,530.18,0,1,8,530.18,109,1
14267.0,163,3,1516.24,1,3,21,1516.24,163,1
14270.0,332,1,492.65,1,1,2,492.65000000000003,332,1
14271.0,226,1,112.32,1,1,4,112.32000000000001,226,1
14272.0,74,2,437.96,0,1,13,437.96,74,0
14273.0,51,4,559.97,0,0,22,559.97,51,0
14276.0,99,3,1119.74,0,0,20,1119.74,99,1
14277.0,15,3,4216.2,0,3,22,4216.2,15,0
14280.0,197,1,134.04,1,1,4,134.04,197,1
14282.0,3,15,3729.34,3,3,27,3729.34,3,0
14284.0,31,2,595.25,0,1,13,595.25,31,0
14285.0,21,4,1910.01,0,0,22,1910.01,21,0
14286.0,24,3,4628.75,0,3,22,4628.75,24,0
14287.0,8,3,176.63,0,0,20,176.63,8,0
14288.0,213,1,426.6,1,1,4,426.6,213,1
14289.0,9,6,911.26,0,0,23,911.26,9,0
14290.0,11,5,2314.65,0,0,6,2314.65,11,0
14291.0,2,11,3883.25,0,0,27,3883.25,2,0
14292.0,8,9,4871.93,0,3,-1,4871.93,8,0
14293.0,3,4,1046.56,0,0,22,1046.56,3,0
14295.0,40,1,166.20000000000002,0,1,16,166.20000000000002,40,0
14297.0,18,4,1305.33,0,0,22,1305.33,18,0
14298.0,8,44,51527.3,3,2,27,51527.3,8,0
14299.0,8,9,3965.62,0,0,25,3965.62,8,0
14300.0,19,1,43.2,0,1,19,43.2,19,0
14301.0,117,1,640.14,0,1,1,640.14,117,1
14304.0,223,1,383.45,1,1,4,383.45,223,1
14305.0,71,3,1858.96,0,0,20,1858.96,71,0
14306.0,51,2,2093.32,0,0,13,2093.32,51,0
14307.0,89,6,2995.72,0,0,21,2995.72,89,0
14309.0,8,9,2352.53,0,0,25,2352.53,8,0
14311.0,243,1,310.26,1,1,10,310.26,243,1
14312.0,47,6,1611.59,0,0,21,1611.59,47,0
14314.0,107,1,120.0,0,1,1,120.0,107,1
14315.0,45,6,2481.13,0,0,21,2481.13,45,0
14317.0,65,1,508.58,0,1,1,508.58,65,0
14320.0,207,2,477.79,1,1,2,477.79,207,1
14321.0,11,5,1530.75,0,0,6,1530.75,11,0
14323.0,115,2,605.0600000000001,0,1,8,605.0600000000001,115,1
14326.0,242,1,183.85,1,1,10,183.85,242,1
14327.0,163,1,311.65,1,1,1,311.65,163,1
14329.0,17,7,5014.84,0,3,26,5014.84,17,0
14331.0,124,2,462.66,0,1,8,462.65999999999997,124,1
14332.0,23,3,866.3100000000001,0,0,20,866.3100000000001,23,0
14333.0,68,1,415.2,0,1,1,415.2,68,0
14334.0,17,8,2552.21,0,0,17,2552.21,17,0
14335.0,16,2,468.26,0,1,13,468.26,16,0
14336.0,17,4,1614.91,0,0,22,1614.91,17,0
14338.0,161,2,588.22,1,1,8,588.22,161,1
14339.0,243,1,309.52,1,1,10,309.52,243,1
14340.0,219,1,134.7,1,1,4,134.7,219,1
14341.0,45,8,2182.28,0,0,24,2182.28,45,0
14342.0,21,4,668.5600000000001,0,0,22,668.5600000000001,21,0
14344.0,127,8,889.9300000000001,0,3,21,889.9300000000001,127,1
14345.0,39,1,108.98,0,1,16,108.97999999999999,39,0
14346.0,121,2,1021.58,0,1,8,1021.58,121,1
14348.0,260,1,409.57,1,1,15,409.57,260,1
14349.0,10,1,133.5,0,1,18,133.5,10,0
14350.0,274,1,282.93,1,1,5,282.93,274,1
14351.0,165,1,51.0,1,1,1,51.0,165,1
14352.0,157,4,1078.96,1,3,21,1078.96,157,1
14353.0,215,1,90.6,1,1,4,90.6,215,1
14354.0,6,2,163.62,0,1,12,163.62,6,0
14355.0,366,1,174.4,1,1,0,174.4,366,1
14356.0,80,2,701.23,0,1,13,701.23,80,0
14357.0,43,1,225.77,0,1,7,225.77,43,0
14359.0,19,3,912.18,0,0,20,912.18,19,0
14360.0,32,4,2128.23,0,0,22,2128.23,32,0
14362.0,22,1,161.2,0,1,19,161.2,22,0
14364.0,109,8,3717.35,0,3,21,3717.35,109,1
14367.0,8,16,9261.52,3,3,-1,9261.52,8,0
14368.0,320,1,155.0,1,1,3,155.0,320,1
14371.0,295,1,100.5,1,1,3,100.5,295,1
14373.0,358,1,76.55,1,1,0,76.55,358,1
14375.0,185,1,257.68,1,1,4,257.68,185,1
14377.0,191,2,617.05,1,1,2,617.05,191,1
14379.0,44,2,348.1,0,1,13,348.1,44,0
14381.0,52,1,202.68,0,1,1,202.68,52,0
14382.0,26,1,626.07,0,1,19,626.07,26,0
14383.0,38,3,1247.69,0,0,20,1247.69,38,0
14385.0,9,3,202.11,0,0,20,202.10999999999999,9,0
14386.0,297,1,142.4,1,1,3,142.4,297,1
14387.0,33,3,1770.56,0,0,20,1770.56,33,0
14388.0,10,8,3212.84,0,0,17,3212.84,10,0
14389.0,65,2,1043.46,0,0,13,1043.46,65,0
14390.0,10,9,4652.82,0,0,-1,4652.82,10,0
14393.0,218,1,67.95,1,1,4,67.95,218,1
14395.0,2,9,3507.71,0,0,25,3507.71,2,0
14396.0,65,2,487.99,0,1,13,487.99,65,0
14397.0,3,19,2612.96,3,3,27,2612.96,3,0
14400.0,149,1,574.7,1,1,1,574.7,149,1
14401.0,4,13,4051.48,0,3,27,4051.48,4,0
14403.0,130,4,1475.81,0,3,21,1475.81,130,1
14404.0,34,6,1474.32,0,0,23,1474.32,34,0
14406.0,119,1,156.75,0,1,1,156.75,119,1
14407.0,107,6,2157.73,0,0,21,2157.73,107,1
14408.0,11,7,2606.53,0,0,24,2606.53,11,0
14409.0,71,6,2059.4500000000003,0,0,21,2059.4500000000003,71,0
14410.0,92,9,1105.07,0,3,21,1105.07,92,1
14411.0,311,1,1063.0,1,1,3,1063.0,311,1
14412.0,43,2,770.03,0,1,13,770.03,43,0
14413.0,362,1,122.7,1,1,0,122.7,362,1
14414.0,92,7,1496.98,0,0,21,1496.98,92,1
14415.0,1,13,5900.28,0,3,27,5900.28,1,0
14416.0,22,2,490.22,0,1,13,490.22,22,0
14418.0,4,3,1937.25,0,0,20,1937.25,4,0
14419.0,11,6,1058.06,0,0,23,1058.06,11,0
14420.0,99,1,387.52,0,1,1,387.52,99,1
14421.0,57,2,813.11,0,1,13,813.11,57,0
14422.0,1,6,4263.64,0,0,23,4263.64,1,0
14423.0,218,1,265.2,1,1,4,265.2,218,1
14424.0,18,1,322.08,0,1,19,322.08,18,0
14426.0,24,10,4481.67,0,0,27,4481.67,24,0
14427.0,50,2,363.34,0,1,13,363.34000000000003,50,0
14428.0,7,5,1244.83,0,0,6,1244.83,7,0
14431.0,303,1,470.36,1,1,3,470.36,303,1
14432.0,10,6,2255.51,0,0,23,2255.51,10,0
14434.0,22,6,1372.8,0,0,23,1372.8,22,0
14436.0,99,1,89.06,0,1,1,89.06,99,1
14437.0,366,1,63.0,1,1,0,63.0,366,1
14438.0,306,1,131.9,1,1,3,131.9,306,1
14439.0,320,1,2661.24,1,3,3,2661.24,320,1
14440.0,8,5,2357.68,0,0,6,2357.68,8,0
14441.0,1,4,1712.89,0,0,22,1712.89,1,0
14442.0,205,2,1589.82,1,3,2,1589.82,205,1
14443.0,54,4,1420.2,0,0,22,1420.2,54,0
14446.0,1,4,1039.58,0,0,22,1039.58,1,0
14447.0,19,5,1163.23,0,0,6,1163.23,19,0
14448.0,9,2,375.35,0,1,12,375.35,9,0
14449.0,19,4,907.1,0,0,22,907.1,19,0
14450.0,181,3,483.25,1,1,21,483.25,181,1
14451.0,60,2,662.59,0,1,13,662.59,60,0
14452.0,11,2,264.44,0,1,12,264.44,11,0
14453.0,190,1,119.93,1,1,4,119.93,190,1
14456.0,5,9,3062.4,0,0,25,3062.4,5,0
14457.0,311,1,113.64,1,1,3,113.64,311,1
14459.0,155,1,1837.92,1,3,1,1837.92,155,1
14460.0,110,3,434.34,0,1,21,434.34,110,1
14461.0,148,3,2103.06,1,3,21,2103.06,148,1
14462.0,66,11,2004.02,0,3,27,2004.02,66,0
14463.0,98,3,529.62,0,1,20,529.62,98,1
14465.0,247,3,1058.62,1,1,2,1058.6200000000001,247,1
14466.0,29,7,2272.4,0,0,24,2272.4,29,0
14467.0,18,4,598.76,0,0,22,598.76,18,0
14470.0,12,2,461.19,0,1,12,461.19,12,0
14472.0,104,8,1936.84,0,3,21,1936.84,104,1
14473.0,74,2,234.34,0,1,13,234.34,74,0
14474.0,46,1,547.66,0,1,7,547.66,46,0
14475.0,72,3,925.85,0,0,20,925.85,72,0
14476.0,257,1,215.7,1,1,14,215.7,257,1
14477.0,20,4,1309.6,0,0,22,1309.6,20,0
14479.0,254,2,316.25,1,1,2,316.25,254,1
14480.0,11,1,279.05,0,1,18,279.05,11,0
14481.0,165,2,636.51,1,1,8,636.51,165,1
14482.0,18,6,2068.15,0,0,23,2068.15,18,0
14483.0,282,1,137.1,1,1,3,137.1,282,1
14484.0,50,1,321.92,0,1,1,321.92,50,0
14485.0,39,1,165.75,0,1,16,165.75,39,0
14487.0,27,6,1196.33,0,0,23,1196.33,27,0
14488.0,68,1,1064.28,0,0,1,1064.28,68,0
14489.0,207,1,463.38,1,1,4,463.38,207,1
14491.0,175,2,340.93,1,1,8,340.93,175,1
14493.0,7,5,2383.24,0,0,6,2383.24,7,0
14494.0,26,1,139.56,0,1,19,139.56,26,0
14495.0,51,2,123.8,0,1,13,123.8,51,0
14496.0,312,2,538.8100000000001,1,1,2,538.8100000000001,312,1
14497.0,309,1,475.37,1,1,3,475.37,309,1
14498.0,43,5,1957.32,0,0,6,1957.32,43,0
14499.0,26,3,815.32,0,0,20,815.32,26,0
14500.0,88,3,356.85,0,0,20,356.85,88,0
14501.0,184,2,251.21,1,1,2,251.21,184,1
14502.0,20,11,2470.67,0,0,27,2470.67,20,0
14503.0,3,6,3543.26,0,0,23,3543.26,3,0
14504.0,47,4,673.26,0,0,22,673.26,47,0
14505.0,17,8,5905.64,0,3,26,5905.64,17,0
14506.0,17,5,2012.17,0,0,6,2012.17,17,0
14507.0,24,6,1383.18,0,0,23,1383.18,24,0
14508.0,22,2,276.42,0,1,13,276.42,22,0
14511.0,11,5,1314.81,0,0,6,1314.81,11,0
14512.0,188,2,275.28,1,1,2,275.28,188,1
14513.0,101,3,455.59,0,1,-1,455.59000000000003,101,1
14514.0,61,3,1055.35,0,0,20,1055.35,61,0
14515.0,18,6,2102.09,0,0,23,2102.09,18,0
14517.0,33,2,330.45,0,1,13,330.45,33,0
14518.0,64,1,174.37,0,1,1,174.37,64,0
14520.0,2,2,270.6,0,1,12,270.6,2,0
14522.0,24,4,974.54,0,0,22,974.54,24,0
14523.0,108,1,241.09,0,1,1,241.09,108,1
14524.0,32,9,1867.68,0,0,-1,1867.68,32,0
14525.0,20,9,4332.2,0,0,-1,4332.2,20,0
14527.0,3,55,8508.82,3,2,27,8508.82,3,0
14528.0,37,1,364.22,0,1,16,364.21999999999997,37,0
14529.0,60,3,620.04,0,0,20,620.04,60,0
14530.0,26,6,2925.91,0,0,23,2925.91,26,0
14532.0,236,4,932.85,1,3,2,932.85,236,1
14533.0,25,7,1949.72,0,0,24,1949.72,25,0
14534.0,3,18,4447.05,3,3,27,4447.05,3,0
14535.0,60,3,2864.19,0,0,-1,2864.19,60,0
14536.0,260,1,171.8,1,1,15,171.8,260,1
14537.0,58,1,355.56,0,1,1,355.56,58,0
14538.0,65,2,388.25,0,1,13,388.25,65,0
14539.0,16,2,537.48,0,1,13,537.48,16,0
14540.0,10,3,996.26,0,0,20,996.26,10,0
14541.0,59,8,1461.65,0,0,21,1461.65,59,0
14542.0,186,1,103.25,1,1,4,103.25,186,1
14543.0,29,16,3630.33,3,3,27,3630.33,29,0
14544.0,24,2,2024.45,0,0,13,2024.45,24,0
14546.0,5,5,2578.09,0,0,6,2578.09,5,0
14547.0,4,8,4007.54,0,0,17,4007.54,4,0
14548.0,151,2,652.8,1,1,8,652.8,151,1
14549.0,311,1,289.24,1,1,3,289.24,311,1
14550.0,11,2,765.62,0,1,12,765.62,11,0
14551.0,18,2,186.23,0,1,13,186.23,18,0
14552.0,152,1,165.07,1,1,1,165.07,152,1
14553.0,19,5,859.27,0,0,6,859.27,19,0
14554.0,10,4,2381.04,0,0,22,2381.04,10,0
14555.0,57,2,324.14,0,1,13,324.14,57,0
14557.0,85,1,788.38,0,0,1,788.38,85,0
14560.0,7,22,2237.77,3,3,27,2237.77,7,0
14561.0,76,3,1080.76,0,0,20,1080.76,76,0
14562.0,4,18,5074.77,3,3,27,5074.77,4,0
14565.0,96,4,3099.12,0,0,22,3099.12,96,1
14566.0,111,1,1432.0,0,0,1,1432.0,111,1
14567.0,57,2,1530.36,0,0,13,1530.3600000000001,57,0
14569.0,1,1,227.39,0,1,11,227.39,1,0
14570.0,281,2,218.06,1,1,2,218.06,281,1
14572.0,3,7,2832.84,0,0,24,2832.84,3,0
14573.0,180,9,1653.42,1,3,21,1653.42,180,1
14576.0,372,1,35.400000000000006,1,1,0,35.400000000000006,372,1
14577.0,13,4,859.71,0,0,22,859.71,13,0
14578.0,3,1,168.63,0,1,11,168.63,3,0
14581.0,17,1,138.6,0,1,19,138.6,17,0
14582.0,41,1,114.11,0,1,16,114.11,41,0
14583.0,6,5,1052.55,0,0,6,1052.55,6,0
14584.0,169,4,1042.26,1,3,21,1042.26,169,1
14585.0,50,1,157.05,0,1,1,157.05,50,0
14586.0,277,1,237.36,1,1,5,237.35999999999999,277,1
14587.0,19,9,1601.14,0,0,25,1601.14,19,0
14589.0,372,1,39.75,1,1,0,39.75,372,1
14591.0,15,4,1447.14,0,0,22,1447.14,15,0
14592.0,35,3,570.46,0,0,20,570.46,35,0
14593.0,22,3,617.99,0,0,20,617.99,22,0
14594.0,7,2,379.83,0,1,12,379.83,7,0
14595.0,20,6,1740.6,0,0,23,1740.6,20,0
14597.0,11,2,883.15,0,0,12,883.15,11,0
14598.0,44,1,221.97,0,1,7,221.97,44,0
14600.0,306,1,393.33,1,1,3,393.33000000000004,306,1
14601.0,11,1,213.96,0,1,18,213.96,11,0
14603.0,275,1,660.0,1,1,5,660.0,275,1
14606.0,1,93,12156.65,3,2,27,12156.65,1,0
14607.0,16,14,16569.5,3,3,-1,16569.5,16,0
14608.0,4,4,1785.15,0,0,22,1785.15,4,0
14609.0,72,4,601.56,0,0,22,601.56,72,0
14616.0,243,3,406.08,1,1,2,406.08000000000004,243,1
14618.0,9,3,553.44,0,0,20,553.44,9,0
14619.0,246,1,394.44,1,1,9,394.44,246,1
14620.0,206,2,412.78,1,1,2,412.78000000000003,206,1
14621.0,1,5,1788.36,0,0,6,1788.3600000000001,1,0
14622.0,185,1,320.58000000000004,1,1,4,320.58000000000004,185,1
14623.0,32,5,889.25,0,0,6,889.25,32,0
14624.0,57,2,225.85,0,1,13,225.85,57,0
14625.0,196,2,899.63,1,1,2,899.63,196,1
14626.0,24,4,2791.27,0,0,22,2791.27,24,0
14628.0,91,2,671.96,0,1,13,671.96,91,1
14629.0,4,2,959.01,0,0,12,959.01,4,0
14631.0,51,3,1006.98,0,0,20,1006.98,51,0
14632.0,263,1,114.56,1,1,15,114.56,263,1
14633.0,266,1,344.90000000000003,1,1,15,344.90000000000003,266,1
14636.0,36,2,609.85,0,1,13,609.85,36,0
14638.0,51,1,443.6,0,1,1,443.6,51,0
14639.0,52,6,2984.49,0,0,21,2984.49,52,0
14640.0,24,6,2125.08,0,0,23,2125.08,24,0
14641.0,22,1,110.46,0,1,19,110.46,22,0
14642.0,59,1,96.12,0,1,1,96.12,59,0
14643.0,170,2,693.8100000000001,1,1,8,693.8100000000001,170,1
14644.0,68,2,830.76,0,1,13,830.76,68,0
14645.0,157,2,597.09,1,1,8,597.09,157,1
14646.0,2,73,280206.02,2,2,27,280206.02,2,0
14647.0,201,1,243.22,1,1,4,243.22,201,1
14649.0,5,4,1417.29,0,0,22,1417.29,5,0
14651.0,67,2,654.6,0,1,13,654.6,67,0
14652.0,77,1,114.18,0,1,1,114.18,77,0
14653.0,1,7,1947.55,0,0,24,1947.55,1,0
14655.0,8,4,1932.23,0,0,22,1932.23,8,0
14656.0,169,2,291.05,1,1,8,291.05,169,1
14657.0,18,4,848.22,0,0,22,848.22,18,0
14658.0,5,2,247.15,0,1,12,247.15,5,0
14659.0,9,9,2529.93,0,0,25,2529.93,9,0
14660.0,87,2,285.74,0,1,13,285.74,87,0
14661.0,27,1,107.95,0,1,19,107.95,27,0
14662.0,29,4,771.17,0,0,22,771.17,29,0
14664.0,20,2,637.89,0,1,13,637.89,20,0
14665.0,61,5,1835.7,0,0,21,1835.7,61,0
14666.0,24,1,195.25,0,1,19,195.25,24,0
14667.0,11,25,9241.2,3,3,27,9241.2,11,0
14669.0,242,3,1269.99,1,3,2,1269.99,242,1
14670.0,280,2,411.53,1,1,2,411.53,280,1
14672.0,235,2,765.5500000000001,1,1,2,765.5500000000001,235,1
14673.0,3,5,1736.4,0,0,6,1736.4,3,0
14675.0,16,1,604.75,0,1,19,604.75,16,0
14676.0,31,6,2548.24,0,0,23,2548.2400000000002,31,0
14680.0,25,16,28754.11,3,2,-1,28754.11,25,0
14681.0,71,3,498.95,0,0,20,498.95,71,0
14682.0,188,2,52.0,1,1,2,52.0,188,1
14684.0,26,5,1236.28,0,0,6,1236.28,26,0
14687.0,107,1,628.38,0,1,1,628.38,107,1
14688.0,8,21,5630.87,3,3,27,5630.87,8,0
14689.0,209,1,112.8,1,1,4,112.80000000000001,209,1
14690.0,44,2,371.7,0,1,13,371.7,44,0
14691.0,31,5,2114.33,0,0,6,2114.33,31,0
14692.0,137,4,591.55,0,3,21,591.55,137,1
14693.0,265,1,172.9,1,1,15,172.9,265,1
14696.0,4,7,2078.95,0,0,24,2078.95,4,0
14697.0,218,2,188.61,1,1,2,188.61,218,1
14698.0,2,5,1250.76,0,0,6,1250.76,2,0
14699.0,214,1,109.13,1,1,4,109.13000000000001,214,1
14700.0,32,3,2235.3,0,0,20,2235.3,32,0
14701.0,11,9,2549.37,0,0,25,2549.37,11,0
14702.0,1,17,3292.14,3,3,27,3292.14,1,0
14703.0,15,1,318.17,0,1,19,318.17,15,0
14704.0,11,9,1546.91,0,0,25,1546.91,11,0
14705.0,199,1,179.0,1,1,4,179.0,199,1
14708.0,3,3,1126.37,0,0,20,1126.3700000000001,3,0
14709.0,15,13,4921.04,0,3,27,4921.04,15,0
14710.0,14,4,606.13,0,0,22,606.13,14,0
14711.0,10,11,2868.8,0,0,27,2868.8,10,0
14712.0,29,3,917.07,0,0,20,917.07,29,0
14713.0,9,11,2666.36,0,0,27,2666.36,9,0
14714.0,24,1,160.19,0,1,19,160.19,24,0
14715.0,25,4,867.38,0,0,22,867.38,25,0
14716.0,43,2,329.68,0,1,13,329.68,43,0
14719.0,2,5,1602.13,0,0,6,1602.13,2,0
14720.0,6,3,663.81,0,0,20,663.81,6,0
14722.0,147,1,187.92,1,1,1,187.92,147,1
14723.0,10,6,1158.3,0,0,23,1158.3,10,0
14725.0,25,1,718.08,0,0,19,718.08,25,0
14727.0,274,1,268.58,1,1,5,268.58,274,1
14729.0,374,1,313.49,1,1,0,313.49,374,1
14730.0,1,8,2005.06,0,0,17,2005.06,1,0
14731.0,47,3,380.02,0,0,20,380.02,47,0
14732.0,8,8,2702.49,0,0,17,2702.4900000000002,8,0
14733.0,16,12,9585.91,3,3,-1,9585.91,16,0
14735.0,4,32,6065.6900000000005,3,2,27,6065.6900000000005,4,0
14737.0,4,3,1164.55,0,0,20,1164.55,4,0
14738.0,43,7,1314.45,0,0,24,1314.45,43,0
14739.0,4,7,3902.28,0,0,24,3902.28,4,0
14740.0,197,3,1448.21,1,3,21,1448.21,197,1
14741.0,12,6,1400.34,0,0,23,1400.34,12,0
14744.0,16,7,1099.98,0,0,24,1099.98,16,0
14745.0,113,5,1220.26,0,0,21,1220.26,113,1
14747.0,249,1,328.2,1,1,9,328.2,249,1
14748.0,29,5,1415.75,0,0,6,1415.75,29,0
14752.0,44,1,389.64,0,1,7,389.64,44,0
14753.0,87,1,563.15,0,1,1,563.15,87,0
14754.0,45,2,638.05,0,1,13,638.05,45,0
14755.0,10,11,5010.28,0,3,27,5010.28,10,0
14756.0,15,1,738.96,0,0,19,738.96,15,0
14757.0,75,1,420.5,0,1,1,420.5,75,0
14758.0,145,4,1484.06,0,3,21,1484.06,145,1
14759.0,5,3,1625.97,0,0,20,1625.97,5,0
14760.0,297,1,89.2,1,1,3,89.2,297,1
14761.0,59,2,255.9,0,1,13,255.9,59,0
14762.0,264,1,300.52,1,1,15,300.52,264,1
14764.0,47,1,278.3,0,1,7,278.3,47,0
14765.0,29,3,254.11,0,0,20,254.11,29,0
14766.0,8,6,2473.37,0,0,23,2473.37,8,0
14768.0,17,2,192.6,0,1,13,192.60000000000002,17,0
14769.0,3,8,10674.75,0,3,-1,10674.75,3,0
14770.0,232,2,876.42,1,1,2,876.42,232,1
14772.0,112,1,139.26,0,1,1,139.26,112,1
14775.0,58,3,1011.9,0,0,20,1011.9,58,0
14776.0,51,11,2538.2999999999997,0,0,27,2538.2999999999997,51,0
14778.0,127,2,730.86,0,1,8,730.86,127,1
14779.0,281,3,386.15,1,1,2,386.15,281,1
14780.0,55,2,447.68,0,1,13,447.68,55,0
14782.0,320,1,200.1,1,1,3,200.10000000000002,320,1
14784.0,26,2,289.99,0,1,13,289.99,26,0
14785.0,10,2,77.4,0,1,12,77.4,10,0
14788.0,7,2,679.44,0,1,12,679.44,7,0
14789.0,29,1,197.64,0,1,16,197.64,29,0
14790.0,17,4,745.06,0,0,22,745.06,17,0
14792.0,64,1,6.2,0,1,1,6.2,64,0
14793.0,21,1,228.99,0,1,19,228.99,21,0
14794.0,3,7,1319.91,0,0,24,1319.91,3,0
14795.0,166,1,131.45000000000002,1,1,1,131.45000000000002,166,1
14796.0,1,17,8022.49,3,3,27,8022.49,1,0
14798.0,53,3,173.74,0,0,20,173.74,53,0
14799.0,51,1,157.7,0,1,1,157.7,51,0
14800.0,48,12,4339.74,0,3,27,4339.74,48,0
14801.0,61,1,193.14,0,1,1,193.14,61,0
14803.0,162,3,845.5500000000001,1,1,21,845.5500000000001,162,1
14804.0,9,1,353.27,0,1,18,353.27,9,0
14805.0,15,4,554.65,0,0,22,554.65,15,0
14806.0,75,1,193.39,0,1,1,193.39000000000001,75,0
14808.0,40,8,2741.17,0,0,24,2741.17,40,0
14810.0,41,11,2087.88,0,0,27,2087.88,41,0
14813.0,370,2,155.43,1,1,0,155.43,370,1
14815.0,37,2,778.5,0,1,13,778.5,37,0
14816.0,197,1,271.85,1,1,4,271.85,197,1
14817.0,200,2,1110.34,1,1,2,1110.34,200,1
14818.0,74,3,657.8,0,0,20,657.8,74,0
14819.0,64,2,272.07,0,1,13,272.07,64,0
14820.0,21,4,507.29,0,0,22,507.29,21,0
14821.0,367,1,48.8,1,1,0,48.800000000000004,367,1
14823.0,180,3,321.43,1,1,21,321.43,180,1
14824.0,10,4,1127.71,0,0,22,1127.71,10,0
14825.0,4,12,2226.9100000000003,0,3,27,2226.9100000000003,4,0
14828.0,197,3,2139.76,1,3,21,2139.76,197,1
14829.0,29,4,697.55,0,0,22,697.55,29,0
14830.0,53,1,197.13,0,1,1,197.13,53,0
14834.0,18,6,1720.3,0,0,23,1720.3,18,0
14836.0,10,3,102.45,0,0,20,102.44999999999999,10,0
14837.0,90,4,1649.5,0,0,22,1649.5,90,0
14840.0,268,1,62.85,1,1,15,62.85,268,1
14841.0,53,6,3295.76,0,0,21,3295.76,53,0
14842.0,44,4,2824.69,0,0,22,2824.69,44,0
14844.0,64,4,3189.81,0,0,22,3189.81,64,0
14847.0,149,1,309.4,1,1,1,309.4,149,1
14849.0,22,25,7930.54,3,3,27,7930.54,22,0
14850.0,312,1,325.75,1,1,3,325.75,312,1
14851.0,23,2,511.35,0,1,13,511.35,23,0
14852.0,58,6,2836.69,0,0,21,2836.69,58,0
14853.0,24,2,475.8,0,1,13,475.8,24,0
14854.0,78,7,2759.83,0,0,21,2759.83,78,0
14855.0,119,2,645.65,0,1,8,645.65,119,1
14856.0,36,3,1311.38,0,0,20,1311.3799999999999,36,0
14857.0,60,2,1173.12,0,0,13,1173.12,60,0
14859.0,13,4,1353.74,0,0,22,1353.74,13,0
14860.0,19,1,170.32,0,1,19,170.32,19,0
14861.0,52,1,125.79,0,1,1,125.79,52,0
14862.0,26,2,841.2,0,0,13,841.2,26,0
14863.0,29,1,266.76,0,1,16,266.76,29,0
14865.0,7,2,52.2,0,1,12,52.2,7,0
14866.0,11,12,14389.9,3,3,27,14389.9,11,0
14867.0,186,3,710.28,1,1,21,710.28,186,1
14868.0,3,8,2953.59,0,0,17,2953.59,3,0
14869.0,9,2,725.7,0,1,12,725.7,9,0
14870.0,262,1,327.25,1,1,15,327.25,262,1
14871.0,3,4,522.38,0,0,22,522.38,3,0
14873.0,210,1,519.68,1,1,4,519.68,210,1
14875.0,108,2,1465.32,0,0,8,1465.32,108,1
14878.0,13,9,1485.54,0,0,25,1485.54,13,0
14880.0,77,3,706.19,0,0,20,706.19,77,0
14881.0,20,1,255.4,0,1,19,255.4,20,0
14882.0,27,2,589.7,0,1,13,589.7,27,0
14883.0,19,6,761.59,0,0,23,761.59,19,0
14885.0,132,1,765.3199999999999,0,1,1,765.3199999999999,132,1
14886.0,253,1,364.8,1,1,14,364.8,253,1
14887.0,79,1,1862.0,0,0,1,1862.0,79,0
14888.0,207,1,369.2,1,1,4,369.2,207,1
14889.0,336,1,135.9,1,1,2,135.9,336,1
14890.0,254,1,125.65,1,1,14,125.65,254,1
14891.0,148,2,554.38,1,1,8,554.38,148,1
14893.0,10,2,1237.85,0,0,12,1237.8500000000001,10,0
14894.0,85,1,655.75,0,1,1,655.75,85,0
14895.0,8,20,11138.71,3,3,27,11138.710000000001,8,0
14896.0,205,2,468.77,1,1,2,468.77000000000004,205,1
14897.0,8,4,1366.38,0,0,22,1366.38,8,0
14898.0,23,6,1303.52,0,0,23,1303.52,23,0
14901.0,11,9,1421.29,0,0,25,1421.29,11,0
14902.0,26,1,332.66,0,1,19,332.66,26,0
14903.0,21,5,2810.63,0,0,6,2810.63,21,0
14904.0,2,2,1025.44,0,0,12,1025.44,2,0
14905.0,158,2,616.15,1,1,8,616.15,158,1
14907.0,3,7,3501.1,0,0,24,3501.1,3,0
14908.0,74,1,277.8,0,1,1,277.8,74,0
14910.0,3,4,434.35,0,0,22,434.35,3,0
14911.0,1,201,143825.06,2,2,27,143825.06,1,0
14912.0,17,2,867.85,0,0,13,867.85,17,0
14913.0,36,4,1227.43,0,0,22,1227.43,36,0
14915.0,91,2,307.48,0,1,13,307.48,91,1
14916.0,71,4,1268.98,0,0,22,1268.98,71,0
14918.0,116,2,1610.15,0,0,8,1610.15,116,1
14920.0,213,2,977.77,1,1,2,977.77,213,1
14921.0,30,2,1316.07,0,0,13,1316.07,30,0
14923.0,51,1,749.1,0,0,1,749.1,51,0
14924.0,246,1,310.05,1,1,9,310.05,246,1
14929.0,32,1,223.88,0,1,16,223.88,32,0
14930.0,109,3,2372.86,0,0,21,2372.86,109,1
14931.0,5,5,1257.68,0,0,6,1257.68,5,0
14932.0,366,1,363.53,1,1,0,363.53,366,1
14934.0,82,2,1890.94,0,0,13,1890.94,82,0
14935.0,297,1,1784.71,1,3,3,1784.71,297,1
14936.0,34,8,8137.02,0,3,26,8137.0199999999995,34,0
14937.0,57,3,1621.88,0,0,20,1621.88,57,0
14944.0,30,12,5900.25,0,3,27,5900.25,30,0
14946.0,14,1,100.9,0,1,19,100.9,14,0
14947.0,72,2,290.82,0,1,13,290.82,72,0
14948.0,23,6,1101.97,0,0,23,1101.97,23,0
14950.0,19,1,371.2,0,1,19,371.2,19,0
14951.0,79,1,311.69,0,1,1,311.69,79,0
14952.0,60,11,8099.49,0,3,27,8099.49,60,0
14953.0,25,1,289.82,0,1,19,289.82,25,0
14954.0,12,1,336.17,0,1,18,336.17,12,0
14957.0,253,1,58.49,1,1,14,58.49,253,1
14958.0,147,3,499.68,1,1,21,499.68,147,1
14959.0,64,4,695.42,0,0,22,695.42,64,0
14960.0,8,2,221.27,0,1,12,221.27,8,0
14961.0,11,9,7044.68,0,3,-1,7044.68,11,0
14962.0,271,1,126.7,1,1,15,126.7,271,1
14963.0,10,5,1487.8,0,0,6,1487.8,10,0
14964.0,247,1,206.21,1,1,9,206.21,247,1
14965.0,96,2,599.0,0,1,13,599.0,96,1
14966.0,15,1,191.32,0,1,19,191.32,15,0
14967.0,50,1,463.8,0,1,1,463.8,50,0
14968.0,30,1,147.59,0,1,16,147.59,30,0
14970.0,68,4,1592.06,0,0,22,1592.06,68,0
14971.0,35,3,1116.57,0,0,20,1116.57,35,0
14972.0,128,1,114.77,0,1,1,114.77,128,1
14973.0,107,3,1314.45,0,0,21,1314.45,107,1
14974.0,37,1,114.39,0,1,16,114.39,37,0
14975.0,57,1,279.94,0,1,1,279.94,57,0
14976.0,57,7,790.86,0,0,21,790.86,57,0
14978.0,72,5,1931.42,0,0,21,1931.42,72,0
14981.0,246,1,102.12,1,1,9,102.12,246,1
14984.0,19,2,213.27,0,1,13,213.27,19,0
14985.0,198,2,296.75,1,1,2,296.75,198,1
14987.0,16,2,326.4,0,1,13,326.4,16,0
14988.0,212,1,334.54,1,1,4,334.54,212,1
14995.0,39,2,233.23,0,1,13,233.23000000000002,39,0
14997.0,46,3,546.1999999999999,0,0,20,546.1999999999999,46,0
14998.0,170,2,429.87,1,1,8,429.87,170,1
15000.0,48,1,490.52,0,1,7,490.52,48,0
15002.0,116,4,1641.76,0,0,21,1641.76,116,1
15004.0,147,1,1246.32,1,3,1,1246.32,147,1
15005.0,16,28,6316.57,3,2,27,6316.57,16,0
15006.0,51,1,502.09,0,1,1,502.09,51,0
15007.0,159,1,156.91,1,1,1,156.91,159,1
15009.0,12,3,1261.78,0,0,20,1261.78,12,0
15010.0,36,1,308.94,0,1,16,308.94,36,0
15012.0,54,2,423.04,0,1,13,423.04,54,0
15014.0,43,2,260.17,0,1,13,260.17,43,0
15016.0,173,1,170.04,1,1,4,170.04,173,1
15017.0,34,1,125.58,0,1,16,125.58,34,0
15018.0,39,3,496.21,0,0,20,496.21,39,0
15019.0,267,1,266.0,1,1,15,266.0,267,1
15021.0,9,9,1914.82,0,0,25,1914.82,9,0
15022.0,12,4,905.04,0,0,22,905.04,12,0
15023.0,3,11,6802.76,0,3,27,6802.76,3,0
15024.0,10,10,1661.33,0,0,27,1661.33,10,0
15025.0,33,1,377.01,0,1,16,377.01,33,0
15026.0,80,3,469.0,0,0,20,469.0,80,0
15027.0,31,4,1066.15,0,0,22,1066.15,31,0
15028.0,8,4,627.13,0,0,22,627.13,8,0
15030.0,72,2,518.28,0,1,13,518.28,72,0
15031.0,4,4,668.14,0,0,22,668.14,4,0
15032.0,256,3,4959.1,1,3,2,4959.1,256,1
15033.0,5,10,2586.67,0,0,27,2586.67,5,0
15034.0,16,8,4308.61,0,0,17,4308.61,16,0
15035.0,90,1,252.73,0,1,1,252.73000000000002,90,0
15036.0,72,3,465.55,0,0,20,465.55,72,0
15038.0,59,6,705.49,0,0,21,705.49,59,0
15039.0,10,47,19914.44,3,2,27,19914.44,10,0
15041.0,170,1,180.35,1,1,4,180.35,170,1
15042.0,199,1,135.93,1,1,4,135.93,199,1
15043.0,31,1,537.0,0,1,16,537.0,31,0
15044.0,19,17,7700.23,3,3,27,7700.2300000000005,19,0
15045.0,152,2,735.66,1,1,8,735.66,152,1
15046.0,9,15,5213.7699999999995,3,3,27,5213.7699999999995,9,0
15047.0,270,1,343.62,1,1,15,343.62,270,1
15048.0,65,4,384.05,0,0,22,384.05,65,0
15049.0,274,1,121.17000000000002,1,1,5,121.17000000000002,274,1
15050.0,25,3,1782.09,0,0,20,1782.09,25,0
15051.0,23,3,1391.61,0,0,20,1391.61,23,0
15052.0,319,1,215.78,1,1,3,215.78,319,1
15053.0,5,3,697.79,0,0,20,697.79,5,0
15054.0,12,2,302.1,0,1,12,302.1,12,0
15057.0,275,2,1489.5,1,3,2,1489.5,275,1
15058.0,25,11,2124.99,0,0,27,2124.99,25,0
15059.0,41,9,1337.72,0,0,24,1337.72,41,0
15060.0,8,4,303.09000000000003,0,0,22,303.09000000000003,8,0
15061.0,4,48,54534.14,3,2,27,54534.14,4,0
15062.0,71,4,987.86,0,0,22,987.86,71,0
15063.0,213,1,370.7999999999999,1,1,4,370.79999999999995,213,1
15065.0,38,4,3158.13,0,0,22,3158.13,38,0
15066.0,53,1,893.59,0,0,1,893.59,53,0
15067.0,78,3,1744.76,0,0,20,1744.76,78,0
15068.0,46,2,553.36,0,1,13,553.36,46,0
15069.0,179,1,1109.53,1,3,4,1109.53,179,1
15070.0,373,1,106.2,1,1,0,106.2,373,1
15071.0,94,2,982.07,0,1,13,982.07,94,1
15073.0,10,3,1043.41,0,0,20,1043.41,10,0
15074.0,105,1,748.87,0,1,1,748.87,105,1
15075.0,78,1,773.03,0,0,1,773.03,78,0
15076.0,173,1,880.85,1,1,4,880.85,173,1
15078.0,7,32,9743.11,3,2,27,9743.11,7,0
15079.0,213,4,895.61,1,3,2,895.61,213,1
15081.0,22,5,504.8,0,0,6,504.8,22,0
15083.0,257,1,88.2,1,1,14,88.2,257,1
15087.0,282,1,306.94,1,1,3,306.94,282,1
15088.0,21,2,1160.07,0,0,13,1160.07,21,0
15089.0,10,6,2420.84,0,0,23,2420.84,10,0
15090.0,308,1,381.32,1,1,3,381.32,308,1
15091.0,68,1,480.71,0,1,1,480.71,68,0
15092.0,215,2,457.81,1,1,2,457.81,215,1
15093.0,18,6,4597.02,0,3,23,4597.02,18,0
15095.0,104,4,1370.6,0,0,21,1370.6,104,1
15096.0,43,1,219.39,0,1,7,219.39000000000001,43,0
15097.0,4,1,248.08,0,1,11,248.08,4,0
15098.0,182,3,39916.5,3,3,27,39916.5,182,1
15099.0,84,1,410.48,0,1,1,410.48,84,0
15100.0,334,3,876.0,1,1,2,876.0,334,1
15101.0,9,2,317.53000000000003,0,1,12,317.53000000000003,9,0
15103.0,31,2,703.36,0,1,13,703.36,31,0
15104.0,197,2,1027.44,1,1,2,1027.44,197,1
15105.0,18,7,2298.93,0,0,24,2298.93,18,0
15106.0,18,5,1422.52,0,0,6,1422.52,18,0
15107.0,311,6,319.5,1,3,2,319.5,311,1
15108.0,142,4,1300.25,0,3,21,1300.25,142,1
15109.0,246,1,484.95,1,1,9,484.95,246,1
15110.0,24,4,996.1,0,0,22,996.1,24,0
15111.0,29,3,1567.48,0,0,20,1567.48,29,0
15113.0,10,3,3609.33,0,0,20,3609.33,10,0
15114.0,30,10,2760.56,0,0,27,2760.56,30,0
15115.0,18,1,340.11,0,1,19,340.11,18,0
15116.0,18,4,1352.75,0,0,22,1352.75,18,0
15117.0,15,5,1551.78,0,0,6,1551.78,15,0
15118.0,134,1,244.8,0,1,1,244.8,134,1
15119.0,246,1,266.4,1,1,9,266.4,246,1
15120.0,134,1,358.82,0,1,1,358.82,134,1
15121.0,50,2,457.72,0,1,13,457.71999999999997,50,0
15122.0,114,3,1633.78,0,0,21,1633.78,114,1
15123.0,7,2,2199.31,0,0,12,2199.31,7,0
15124.0,23,2,184.19,0,1,13,184.19,23,0
15125.0,25,15,11528.48,3,3,27,11528.48,25,0
15127.0,66,1,406.53,0,1,1,406.53,66,0
15128.0,60,4,1471.0,0,0,22,1471.0,60,0
15129.0,50,11,3447.4,0,0,27,3447.4,50,0
15130.0,170,1,330.11,1,1,4,330.11,170,1
15132.0,18,5,977.93,0,0,6,977.9300000000001,18,0
15133.0,128,3,982.42,0,1,21,982.42,128,1
15134.0,15,8,1387.99,0,0,17,1387.99,15,0
15135.0,239,1,139.05,1,1,10,139.05,239,1
15136.0,3,4,1286.7,0,0,22,1286.7,3,0
15139.0,240,2,178.96,1,1,2,178.96,240,1
15140.0,52,7,2354.25,0,0,-1,2354.25,52,0
15142.0,46,1,498.74,0,1,7,498.74,46,0
15143.0,226,1,259.45,1,1,4,259.45,226,1
15144.0,8,17,6580.44,3,3,27,6580.44,8,0
15145.0,4,4,1194.73,0,0,22,1194.73,4,0
15146.0,165,2,1327.16,1,3,8,1327.16,165,1
15147.0,240,1,623.5,1,1,10,623.5,240,1
15148.0,11,1,301.29,0,1,18,301.29,11,0
15149.0,134,1,520.8000000000001,0,1,1,520.8000000000001,134,1
15150.0,17,10,5314.47,0,3,27,5314.47,17,0
15152.0,10,13,4745.69,0,3,27,4745.69,10,0
15153.0,31,1,329.25,0,1,16,329.25,31,0
15154.0,75,1,296.42,0,1,1,296.42,75,0
15156.0,1,3,961.49,0,0,20,961.49,1,0
15157.0,4,3,1936.07,0,0,20,1936.07,4,0
15158.0,45,1,401.4,0,1,7,401.40000000000003,45,0
15159.0,2,30,18641.01,3,2,27,18641.01,2,0
15160.0,357,1,158.16,1,1,0,158.16,357,1
15163.0,18,2,304.47,0,1,13,304.47,18,0
15164.0,69,3,843.05,0,0,20,843.05,69,0
15165.0,373,1,487.75,1,1,0,487.75,373,1
15167.0,321,1,163.0,1,1,3,163.0,321,1
15168.0,26,1,106.56,0,1,19,106.56,26,0
15171.0,331,1,1289.5,1,3,2,1289.5,331,1
15172.0,9,5,1624.05,0,0,6,1624.05,9,0
15174.0,323,1,135.75,1,1,3,135.75,323,1
15175.0,72,1,224.14,0,1,1,224.14,72,0
15178.0,260,1,40.5,1,1,15,40.5,260,1
15179.0,18,5,2206.95,0,0,6,2206.95,18,0
15180.0,367,1,87.5,1,1,0,87.5,367,1
15181.0,66,3,689.48,0,0,20,689.48,66,0
15182.0,154,2,622.85,1,1,8,622.85,154,1
15184.0,29,2,406.76,0,1,13,406.76,29,0
15185.0,70,1,310.62,0,1,1,310.62,70,0
15186.0,14,2,411.41,0,1,13,411.41,14,0
15187.0,2,16,4777.18,3,3,27,4777.18,2,0
15189.0,1,41,16225.39,3,2,27,16225.39,1,0
15192.0,120,3,1044.32,0,1,21,1044.32,120,1
15193.0,61,1,499.32,0,1,1,499.32,61,0
15194.0,3,15,7616.53,3,3,27,7616.53,3,0
15195.0,3,1,3861.0,0,3,20,3861.0,3,0
15197.0,11,3,1079.61,0,0,20,1079.61,11,0
15198.0,92,2,193.64,0,1,13,193.64,92,1
15199.0,59,4,1268.7,0,0,22,1268.7,59,0
15201.0,87,5,1236.54,0,0,21,1236.54,87,0
15203.0,26,6,1827.8,0,0,23,1827.8,26,0
15204.0,357,1,316.58,1,1,0,316.58,357,1
15205.0,85,2,653.24,0,1,13,653.24,85,0
15206.0,10,4,420.3,0,0,22,420.3,10,0
15208.0,1,5,870.12,0,0,6,870.12,1,0
15210.0,225,1,331.18,1,1,4,331.18,225,1
15211.0,60,2,894.4100000000001,0,0,13,894.4100000000001,60,0
15212.0,241,1,101.8,1,1,10,101.8,241,1
15213.0,319,2,328.35,1,1,2,328.35,319,1
15214.0,2,8,1661.44,0,0,17,1661.44,2,0
15215.0,47,3,734.94,0,0,20,734.94,47,0
15216.0,88,1,96.6,0,1,1,96.6,88,0
15218.0,11,11,5756.89,0,3,27,5756.89,11,0
15219.0,176,1,305.75,1,1,4,305.75,176,1
15220.0,52,6,1778.96,0,0,21,1778.96,52,0
15221.0,366,1,403.25,1,1,0,403.25,366,1
15222.0,319,1,585.0,1,1,3,585.0,319,1
15223.0,226,2,755.75,1,1,2,755.75,226,1
15224.0,358,2,322.08,1,1,0,322.08,358,1
15225.0,234,1,409.4,1,1,10,409.40000000000003,234,1
15226.0,311,1,154.41,1,1,3,154.41,311,1
15227.0,37,5,1219.4,0,0,6,1219.4,37,0
15228.0,66,4,3386.71,0,0,22,3386.71,66,0
15230.0,239,2,429.6,1,1,2,429.6,239,1
15232.0,113,2,612.06,0,1,8,612.06,113,1
15234.0,277,1,197.0,1,1,5,197.0,277,1
15235.0,218,12,2247.51,1,3,-1,2247.51,218,1
15236.0,299,1,321.05,1,1,3,321.05,299,1
15237.0,2,4,1412.32,0,0,22,1412.32,2,0
15238.0,29,3,1071.99,0,0,20,1071.99,29,0
15239.0,10,2,780.59,0,1,12,780.59,10,0
15240.0,45,5,1706.57,0,0,6,1706.57,45,0
15241.0,67,8,1756.44,0,0,21,1756.44,67,0
15243.0,74,1,316.68,0,1,1,316.68,74,0
15244.0,65,2,631.57,0,1,13,631.57,65,0
15245.0,134,3,2515.84,0,3,21,2515.84,134,1
15246.0,238,2,514.15,1,1,2,514.15,238,1
15247.0,122,1,356.0,0,1,1,356.0,122,1
15249.0,32,13,6688.46,0,3,27,6688.46,32,0
15251.0,9,11,10484.99,0,3,-1,10484.99,9,0
15252.0,36,2,740.78,0,1,13,740.78,36,0
15253.0,16,5,918.2,0,0,6,918.1999999999999,16,0
15254.0,127,1,300.36,0,1,1,300.36,127,1
15255.0,67,1,890.85,0,0,1,890.85,67,0
15256.0,149,1,98.45,1,1,1,98.45,149,1
15257.0,283,1,317.15,1,1,3,317.15,283,1
15258.0,169,2,623.16,1,1,8,623.16,169,1
15260.0,100,7,1810.77,0,0,21,1810.77,100,1
15261.0,135,1,254.82,0,1,1,254.82,135,1
15262.0,324,1,178.95000000000002,1,1,3,178.95000000000002,324,1
15263.0,107,1,156.51,0,1,1,156.51,107,1
15264.0,64,1,393.74,0,1,1,393.74,64,0
15265.0,151,2,1506.12,1,3,8,1506.12,151,1
15266.0,338,1,119.3,1,1,2,119.3,338,1
15267.0,22,5,1717.36,0,0,6,1717.36,22,0
15269.0,24,1,408.8,0,1,19,408.8,24,0
15270.0,16,7,2379.49,0,0,24,2379.49,16,0
15271.0,7,15,2507.07,3,3,27,2507.07,7,0
15272.0,57,2,721.94,0,1,13,721.94,57,0
15274.0,4,2,716.57,0,1,12,716.57,4,0
15275.0,38,1,615.14,0,1,16,615.14,38,0
15276.0,66,1,135.31,0,1,1,135.31,66,0
15277.0,47,1,255.9,0,1,7,255.89999999999998,47,0
15279.0,355,1,290.51,1,1,0,290.51,355,1
15280.0,172,1,113.12,1,1,4,113.12,172,1
15281.0,59,9,2332.15,0,0,-1,2332.15,59,0
15286.0,50,1,240.55,0,1,1,240.55,50,0
15287.0,22,2,486.69,0,1,13,486.69,22,0
15288.0,43,5,2306.52,0,0,6,2306.52,43,0
15289.0,29,3,939.78,0,0,20,939.78,29,0
15290.0,5,18,7943.22,3,3,27,7943.22,5,0
15291.0,26,15,4668.3,3,3,27,4668.3,26,0
15292.0,201,1,180.94,1,1,4,180.94,201,1
15296.0,51,6,3672.86,0,0,21,3672.86,51,0
15297.0,10,3,641.94,0,0,20,641.94,10,0
15298.0,2,12,4799.9,0,3,27,4799.9,2,0
15299.0,67,7,4507.01,0,3,21,4507.01,67,0
15300.0,64,1,496.44,0,1,1,496.44,64,0
15301.0,51,12,5070.35,0,3,27,5070.35,51,0
15303.0,290,1,574.02,1,1,3,574.02,290,1
15304.0,61,8,694.4,0,0,21,694.4,61,0
15306.0,64,3,1174.35,0,0,20,1174.35,64,0
15307.0,96,1,205.3,0,1,1,205.3,96,1
15308.0,274,1,310.47,1,1,5,310.47,274,1
15311.0,1,91,60767.9,2,2,27,60767.9,1,0
15312.0,75,4,924.85,0,0,22,924.85,75,0
15313.0,110,1,52.0,0,1,1,52.0,110,1
15314.0,199,1,327.96999999999997,1,1,4,327.96999999999997,199,1
15315.0,64,2,570.5,0,1,13,570.5,64,0
15316.0,327,1,165.0,1,1,3,165.0,327,1
15318.0,4,1,312.62,0,1,11,312.62,4,0
15319.0,284,1,204.5,1,1,3,204.5,284,1
15320.0,44,1,267.13,0,1,7,267.13,44,0
15321.0,71,3,2748.31,0,0,-1,2748.31,71,0
15322.0,86,1,679.68,0,1,1,679.68,86,0
15325.0,104,1,162.29,0,1,1,162.29,104,1
15326.0,334,1,311.71,1,1,2,311.71,334,1
15327.0,53,1,208.75,0,1,1,208.75,53,0
15329.0,39,3,1049.7,0,0,20,1049.7,39,0
15330.0,32,2,714.9599999999999,0,1,13,714.9599999999999,32,0
15332.0,366,4,1661.06,1,3,0,1661.06,366,1
15333.0,208,1,1028.56,1,1,4,1028.56,208,1
15334.0,157,3,351.67,1,1,21,351.67,157,1
15335.0,54,1,173.97,0,1,1,173.97,54,0
15339.0,66,2,574.07,0,1,13,574.07,66,0
15341.0,81,1,2020.52,0,0,1,2020.52,81,0
15342.0,130,1,406.09,0,1,1,406.09,130,1
15343.0,87,1,364.5,0,1,1,364.5,87,0
15344.0,1,3,563.94,0,0,20,563.94,1,0
15345.0,46,1,393.54,0,1,7,393.54,46,0
15346.0,333,1,252.42,1,1,2,252.42000000000002,333,1
15347.0,366,1,201.6,1,1,0,201.60000000000002,366,1
15348.0,72,1,158.04,0,1,1,158.04,72,0
15349.0,158,2,473.81,1,1,8,473.81,158,1
15350.0,373,1,115.65,1,1,0,115.65,373,1
15351.0,12,7,1960.11,0,0,24,1960.11,12,0
15353.0,255,2,777.02,1,1,2,777.02,255,1
15355.0,29,2,277.05,0,1,13,277.05,29,0
15356.0,31,10,2766.5,0,0,27,2766.5,31,0
15358.0,5,22,8347.2,3,3,27,8347.2,5,0
15360.0,40,1,427.93,0,1,16,427.93,40,0
15361.0,362,1,418.92,1,1,0,418.92,362,1
15363.0,373,1,326.0,1,1,0,326.0,373,1
15364.0,96,2,913.19,0,1,13,913.19,96,1
15365.0,26,7,2314.32,0,0,24,2314.32,26,0
15366.0,75,2,602.51,0,1,13,602.51,75,0
15367.0,57,4,1877.59,0,0,22,1877.59,57,0
15368.0,21,1,446.94000000000005,0,1,19,446.94000000000005,21,0
15370.0,41,7,2386.05,0,0,24,2386.05,41,0
15372.0,137,1,2007.4,0,3,1,2007.4,137,1
15373.0,8,12,2415.91,0,0,27,2415.91,8,0
15374.0,129,1,168.0,0,1,1,168.0,129,1
15376.0,40,3,1233.36,0,0,20,1233.3600000000001,40,0
15379.0,169,7,3703.29,1,3,21,3703.29,169,1
15380.0,9,5,1690.26,0,0,6,1690.26,9,0
15381.0,214,2,596.85,1,1,2,596.85,214,1
15382.0,15,6,5955.71,0,3,26,5955.71,15,0
15384.0,170,2,642.41,1,1,8,642.41,170,1
15385.0,40,1,316.88,0,1,16,316.88,40,0
15386.0,186,1,394.14,1,1,4,394.14,186,1
15388.0,270,1,140.54,1,1,15,140.54,270,1
15389.0,172,1,500.0,1,1,4,500.0,172,1
15392.0,5,4,1535.53,0,0,22,1535.53,5,0
15393.0,16,2,231.86,0,1,13,231.86,16,0
15394.0,10,4,2183.54,0,0,22,2183.54,10,0
15395.0,326,1,107.45,1,1,3,107.45,326,1
15396.0,113,1,288.18,0,1,1,288.18,113,1
15397.0,290,1,94.0,1,1,3,94.0,290,1
15398.0,16,2,1345.53,0,0,13,1345.53,16,0
15399.0,1,3,815.77,0,0,20,815.77,1,0
15400.0,92,5,716.2,0,0,21,716.2,92,1
15402.0,149,2,626.77,1,1,8,626.77,149,1
15405.0,189,1,349.1,1,1,4,349.1,189,1
15406.0,31,2,510.71,0,1,13,510.71000000000004,31,0
15407.0,34,4,1056.44,0,0,22,1056.44,34,0
15408.0,264,1,267.18,1,1,15,267.18,264,1
15410.0,84,8,3450.84,0,0,21,3450.84,84,0
15411.0,26,4,1358.88,0,0,22,1358.88,26,0
15412.0,171,1,190.53,1,1,4,190.53,171,1
15414.0,10,3,774.9,0,0,20,774.9,10,0
15415.0,313,1,572.8100000000001,1,1,3,572.8100000000001,313,1
15416.0,65,4,3984.32,0,3,22,3984.32,65,0
15417.0,85,1,508.8,0,1,1,508.8,85,0
15419.0,25,1,135.86,0,1,19,135.86,25,0
15421.0,59,4,950.36,0,0,22,950.36,59,0
15422.0,323,2,97.7,1,1,2,97.7,323,1
15423.0,38,1,43.5,0,1,16,43.5,38,0
15424.0,254,2,383.34,1,1,2,383.34,254,1
15426.0,19,5,1447.39,0,0,6,1447.39,19,0
15427.0,33,3,1483.14,0,0,20,1483.14,33,0
15428.0,15,1,93.78,0,1,19,93.78,15,0
15429.0,27,2,397.35,0,1,13,397.35,27,0
15432.0,23,1,171.19000000000003,0,1,19,171.19000000000003,23,0
15433.0,214,2,533.3,1,1,2,533.3,214,1
15434.0,8,5,1041.48,0,0,6,1041.48,8,0
15435.0,22,1,149.29,0,1,19,149.29,22,0
15436.0,12,3,1122.53,0,0,20,1122.53,12,0
15437.0,262,1,200.16,1,1,15,200.16,262,1
15438.0,131,1,156.57999999999998,0,1,1,156.57999999999998,131,1
15440.0,55,3,383.68,0,0,20,383.68,55,0
15442.0,249,1,594.0,1,1,9,594.0,249,1
15443.0,2,7,3236.91,0,0,24,3236.91,2,0
15444.0,9,2,1418.26,0,0,12,1418.26,9,0
15445.0,264,1,113.5,1,1,15,113.5,264,1
15447.0,331,1,155.17,1,1,2,155.17,331,1
15448.0,313,1,494.64,1,1,3,494.64,313,1
15449.0,26,3,974.52,0,0,20,974.52,26,0
15450.0,30,1,429.84,0,1,16,429.84,30,0
15452.0,30,3,538.73,0,0,20,538.73,30,0
15453.0,2,7,1388.37,0,0,24,1388.37,2,0
15454.0,362,1,179.1,1,1,0,179.1,362,1
15456.0,283,3,447.22,1,1,2,447.22,283,1
15457.0,262,1,237.07,1,1,15,237.07,262,1
15458.0,25,1,161.64,0,1,19,161.64,25,0
15460.0,354,1,216.76,1,1,0,216.76,354,1
15462.0,94,3,234.6,0,0,20,234.6,94,1
15463.0,29,1,126.14,0,1,16,126.14,29,0
15464.0,338,1,1048.85,1,1,2,1048.85,338,1
15465.0,20,18,7354.62,3,3,27,7354.62,20,0
15466.0,85,1,334.53,0,1,1,334.53,85,0
15467.0,9,3,524.88,0,0,20,524.88,9,0
15468.0,51,2,467.51,0,1,13,467.51,51,0
15469.0,50,2,538.55,0,1,13,538.55,50,0
15471.0,2,1,469.48,0,1,11,469.48,2,0
15472.0,113,1,371.56,0,1,1,371.56,113,1
15473.0,14,7,1771.2,0,0,24,1771.2,14,0
15475.0,77,1,454.11,0,1,1,454.11,77,0
15478.0,40,2,1441.42,0,0,13,1441.42,40,0
15480.0,116,1,905.5,0,1,1,905.5,116,1
15482.0,16,12,11054.96,3,3,-1,11054.96,16,0
15483.0,161,4,233.81,1,3,21,233.81,161,1
15484.0,1,4,3594.31,0,0,22,3594.31,1,0
15485.0,30,3,2575.0,0,0,20,2575.0,30,0
15488.0,93,1,91.32,0,1,1,91.32000000000001,93,1
15489.0,23,3,1134.28,0,0,20,1134.28,23,0
15491.0,95,6,3100.09,0,0,21,3100.09,95,1
15492.0,28,2,659.4599999999999,0,1,13,659.4599999999999,28,0
15493.0,33,5,2001.8,0,0,6,2001.8,33,0
15494.0,21,2,1299.23,0,0,13,1299.23,21,0
15497.0,18,2,1262.2,0,0,13,1262.2,18,0
15498.0,3,27,13316.4,3,2,27,13316.4,3,0
15500.0,8,4,1131.56,0,0,22,1131.56,8,0
15502.0,16,12,10384.93,3,3,-1,10384.93,16,0
15503.0,363,1,147.09,1,1,0,147.09,363,1
15504.0,81,1,52.83,0,1,1,52.83,81,0
15505.0,53,5,3610.96,0,0,21,3610.96,53,0
15506.0,23,3,979.26,0,0,20,979.26,23,0
15507.0,172,1,492.36,1,1,4,492.36,172,1
15508.0,189,6,1000.27,1,3,21,1000.27,189,1
15510.0,331,1,250.0,1,1,2,250.0,331,1
15511.0,12,5,909.23,0,0,6,909.23,12,0
15512.0,156,2,121.0,1,1,8,121.0,156,1
15513.0,33,19,14758.22,3,3,-1,14758.22,33,0
15514.0,12,11,4139.46,0,0,27,4139.46,12,0
15516.0,45,3,62.43,0,0,20,62.43,45,0
15517.0,233,1,267.03,1,1,10,267.03,233,1
15518.0,64,8,1942.45,0,0,21,1942.45,64,0
15520.0,2,1,343.5,0,1,11,343.5,2,0
15521.0,40,8,3000.2,0,0,24,3000.2,40,0
15522.0,33,2,398.84,0,1,13,398.84,33,0
15523.0,84,1,412.0100000000001,0,1,1,412.01000000000005,84,0
15524.0,25,1,440.0,0,1,19,440.0,25,0
15525.0,2,3,825.92,0,0,20,825.92,2,0
15526.0,33,2,148.44,0,1,13,148.44,33,0
15527.0,19,8,2429.78,0,0,17,2429.78,19,0
15528.0,254,1,229.33,1,1,14,229.33,254,1
15529.0,23,11,3995.23,0,0,27,3995.23,23,0
15530.0,22,4,1502.35,0,0,22,1502.3500000000001,22,0
15531.0,8,2,2007.44,0,0,12,2007.44,8,0
15532.0,25,4,1580.93,0,0,22,1580.93,25,0
15533.0,19,3,807.57,0,0,20,807.57,19,0
15535.0,173,4,536.4,1,3,21,536.4,173,1
15537.0,163,1,110.92,1,1,1,110.92,163,1
15539.0,7,1,538.46,0,1,11,538.46,7,0
15540.0,11,1,213.3,0,1,18,213.3,11,0
15541.0,114,1,85.13000000000001,0,1,1,85.13000000000001,114,1
15543.0,288,1,127.86,1,1,3,127.86,288,1
15544.0,9,9,3546.71,0,0,25,3546.71,9,0
15545.0,54,2,292.71999999999997,0,1,13,292.71999999999997,54,0
15547.0,7,14,4954.84,3,3,27,4954.84,7,0
15549.0,77,3,1693.26,0,0,20,1693.26,77,0
15550.0,4,4,575.63,0,0,22,575.63,4,0
15551.0,37,1,436.06,0,1,16,436.06,37,0
15552.0,217,1,90.12,1,1,4,90.12,217,1
15553.0,60,1,437.23,0,1,1,437.23,60,0
15554.0,278,1,217.2,1,1,5,217.2,278,1
15555.0,12,16,4805.17,3,3,27,4805.17,12,0
15556.0,24,1,279.77,0,1,19,279.77,24,0
15557.0,29,1,473.65,0,1,16,473.65000000000003,29,0
15561.0,12,4,800.5899999999999,0,0,22,800.5899999999999,12,0
15562.0,352,1,134.55,1,1,0,134.55,352,1
15563.0,22,4,1400.44,0,0,22,1400.44,22,0
15565.0,50,2,173.16000000000005,0,1,13,173.16000000000003,50,0
15567.0,19,1,186.01,0,1,19,186.01,19,0
15568.0,3,3,758.29,0,0,20,758.29,3,0
15569.0,104,5,1375.71,0,0,21,1375.71,104,1
15570.0,7,12,4165.52,0,0,27,4165.52,7,0
15571.0,12,4,650.4300000000001,0,0,22,650.4300000000001,12,0
15572.0,5,7,2552.86,0,0,24,2552.86,5,0
15573.0,32,2,607.45,0,1,13,607.45,32,0
15574.0,178,4,702.25,1,3,21,702.25,178,1
15576.0,38,1,940.67,0,0,16,940.67,38,0
15577.0,151,3,258.88,1,1,21,258.88,151,1
15578.0,162,1,127.1,1,1,1,127.1,162,1
15579.0,69,2,348.6,0,1,13,348.6,69,0
15581.0,121,13,3679.97,0,3,-1,3679.9700000000003,121,1
15582.0,25,3,682.9100000000001,0,0,20,682.9100000000001,25,0
15584.0,24,4,725.11,0,0,22,725.11,24,0
15585.0,177,1,455.3,1,1,4,455.3,177,1
15587.0,50,4,913.68,0,0,22,913.68,50,0
15589.0,256,3,478.53,1,1,2,478.53,256,1
15592.0,47,1,388.58,0,1,7,388.58,47,0
15593.0,71,1,199.8,0,1,1,199.8,71,0
15594.0,16,5,1771.78,0,0,6,1771.78,16,0
15596.0,101,5,1406.59,0,0,21,1406.59,101,1
15597.0,35,1,324.57,0,1,16,324.57,35,0
15598.0,53,1,240.68,0,1,1,240.68,53,0
15599.0,27,2,761.74,0,1,13,761.74,27,0
15601.0,11,14,6776.56,3,3,27,6776.56,11,0
15602.0,8,9,1297.87,0,0,25,1297.8700000000001,8,0
15603.0,79,1,48.48,0,1,1,48.480000000000004,79,0
15604.0,52,1,216.39,0,1,1,216.39,52,0
15605.0,36,5,1198.23,0,0,6,1198.23,36,0
15606.0,61,9,2920.16,0,0,-1,2920.16,61,0
15607.0,337,1,104.76,1,1,2,104.76,337,1
15608.0,28,4,1093.68,0,0,22,1093.68,28,0
15609.0,184,1,298.48,1,1,4,298.48,184,1
15610.0,52,1,112.46,0,1,1,112.46000000000001,52,0
15611.0,10,13,1591.45,0,3,27,1591.45,10,0
15612.0,36,2,195.15,0,1,13,195.15,36,0
15615.0,10,23,10399.74,3,3,27,10399.74,10,0
15618.0,33,4,776.851,0,0,22,776.851,33,0
15619.0,11,1,336.4,0,1,18,336.4,11,0
15620.0,57,3,1553.18,0,0,20,1553.18,57,0
15621.0,4,4,1293.03,0,0,22,1293.03,4,0
15622.0,43,9,3709.56,0,0,24,3709.56,43,0
15623.0,141,1,301.03,0,1,1,301.03,141,1
15624.0,117,4,588.13,0,3,21,588.13,117,1
15625.0,104,4,1534.26,0,0,21,1534.26,104,1
15626.0,75,2,675.8,0,1,13,675.8,75,0
15628.0,5,9,2870.24,0,0,25,2870.2400000000002,5,0
15630.0,45,2,1186.35,0,0,13,1186.35,45,0
15632.0,16,8,3285.31,0,0,17,3285.31,16,0
15634.0,17,1,243.55,0,1,19,243.55,17,0
15636.0,90,2,724.76,0,1,13,724.76,90,0
15637.0,53,1,223.36,0,1,1,223.36,53,0
15639.0,134,1,425.32,0,1,1,425.32,134,1
15640.0,4,15,12515.66,3,3,27,12515.66,4,0
15641.0,105,4,1887.2,0,0,21,1887.2,105,1
15643.0,192,3,664.0,1,1,21,664.0,192,1
15644.0,166,4,813.0,1,3,21,813.0,166,1
15645.0,19,1,612.01,0,1,19,612.01,19,0
15646.0,158,3,447.64,1,1,21,447.64000000000004,158,1
15648.0,204,2,657.35,1,1,2,657.35,204,1
15649.0,336,2,816.0,1,1,2,816.0,336,1
15651.0,37,3,646.3,0,0,20,646.3,37,0
15652.0,91,1,337.74,0,1,1,337.74,91,1
15653.0,93,2,877.44,0,1,13,877.44,93,1
15654.0,9,2,922.53,0,0,12,922.53,9,0
15655.0,243,1,560.6700000000001,1,1,10,560.6700000000001,243,1
15656.0,45,4,748.5,0,0,22,748.5,45,0
15657.0,23,1,30.0,0,1,19,30.0,23,0
15658.0,190,5,1024.1,1,3,21,1024.1000000000001,190,1
15659.0,44,1,306.45,0,1,7,306.45,44,0
15660.0,25,9,1600.86,0,0,25,1600.86,25,0
15661.0,317,2,309.8,1,1,2,309.8,317,1
15663.0,106,1,138.14,0,1,1,138.14,106,1
15664.0,51,1,386.43,0,1,1,386.43,51,0
15665.0,168,2,2242.01,1,3,8,2242.01,168,1
15667.0,40,1,301.32,0,1,16,301.32,40,0
15668.0,218,1,76.32000000000001,1,1,4,76.32000000000001,218,1
15669.0,40,4,684.34,0,0,22,684.34,40,0
15670.0,297,1,173.05,1,1,3,173.05,297,1
15671.0,19,7,2657.13,0,0,24,2657.13,19,0
15673.0,88,4,2881.02,0,0,22,2881.02,88,0
15674.0,73,5,2446.6,0,0,21,2446.6,73,0
15675.0,81,3,323.69,0,0,20,323.69,81,0
15676.0,19,3,3435.76,0,0,20,3435.76,19,0
15677.0,49,1,657.23,0,0,1,657.23,49,0
15678.0,53,1,352.7,0,1,1,352.7,53,0
15679.0,24,4,781.28,0,0,22,781.28,24,0
15680.0,9,3,1333.68,0,0,20,1333.68,9,0
15681.0,25,5,1426.16,0,0,6,1426.16,25,0
15683.0,117,1,193.75,0,1,1,193.75,117,1
15687.0,9,9,2993.1,0,0,25,2993.1,9,0
15689.0,120,2,254.1,0,1,8,254.1,120,1
15690.0,4,2,239.76,0,1,12,239.76,4,0
15691.0,252,1,136.8,1,1,14,136.8,252,1
15692.0,28,1,191.04,0,1,16,191.04,28,0
15694.0,1,14,6479.4,3,3,27,6479.4,1,0
15695.0,267,2,409.98,1,1,2,409.98,267,1
15696.0,33,8,2736.46,0,0,24,2736.46,33,0
15699.0,18,1,309.65,0,1,19,309.65,18,0
15700.0,172,2,696.68,1,1,8,696.68,172,1
15701.0,2,4,1542.14,0,0,22,1542.14,2,0
15703.0,265,1,211.5,1,1,15,211.5,265,1
15704.0,140,4,2293.62,0,3,21,2293.62,140,1
15705.0,201,1,143.1,1,1,4,143.1,201,1
15706.0,64,4,1060.56,0,0,22,1060.56,64,0
15707.0,35,4,945.58,0,0,22,945.58,35,0
15708.0,41,7,3364.24,0,0,24,3364.2400000000002,41,0
15709.0,284,1,133.25,1,1,3,133.25,284,1
15712.0,9,5,1072.36,0,0,6,1072.36,9,0
15713.0,143,2,356.7,0,1,8,356.7,143,1
15714.0,12,2,330.88,0,1,12,330.88,12,0
15716.0,146,4,1118.81,0,3,21,1118.81,146,1
15717.0,234,1,150.3,1,1,10,150.3,234,1
15719.0,33,13,5045.61,0,3,27,5045.61,33,0
15720.0,24,1,598.73,0,1,19,598.73,24,0
15721.0,12,1,507.08,0,1,18,507.08,12,0
15722.0,36,5,2222.56,0,0,6,2222.56,36,0
15723.0,365,1,203.1,1,1,0,203.10000000000002,365,1
15724.0,201,2,218.25,1,1,2,218.25,201,1
15725.0,15,1,415.25,0,1,19,415.25,15,0
15727.0,17,7,5178.96,0,3,26,5178.96,17,0
15729.0,213,1,85.0,1,1,4,85.0,213,1
15730.0,66,3,1120.88,0,0,20,1120.88,66,0
15732.0,212,2,294.12,1,1,2,294.12,212,1
15733.0,283,1,162.3,1,1,3,162.3,283,1
15734.0,115,2,1339.45,0,0,8,1339.45,115,1
15737.0,15,8,1205.12,0,0,17,1205.12,15,0
15738.0,19,16,4812.42,3,3,27,4812.42,19,0
15739.0,66,1,449.12,0,1,1,449.12,66,0
15740.0,49,1,154.88,0,1,1,154.88,49,0
15743.0,16,4,784.46,0,0,22,784.46,16,0
15744.0,78,1,34.8,0,1,1,34.8,78,0
15745.0,19,4,1094.59,0,0,22,1094.59,19,0
15746.0,134,1,196.88,0,1,1,196.88,134,1
15747.0,13,3,974.04,0,0,20,974.04,13,0
15748.0,40,1,149.31,0,1,16,149.31,40,0
15749.0,235,3,44534.3,3,3,27,44534.3,235,1
15750.0,3,8,2465.48,0,0,17,2465.48,3,0
15752.0,40,7,2637.38,0,0,24,2637.38,40,0
15753.0,305,1,79.2,1,1,3,79.2,305,1
15754.0,51,3,458.57,0,0,20,458.57,51,0
15755.0,10,6,2364.25,0,0,23,2364.25,10,0
15756.0,61,4,532.96,0,0,22,532.96,61,0
15757.0,66,2,714.42,0,1,13,714.42,66,0
15758.0,25,1,205.25,0,1,19,205.25,25,0
15759.0,218,3,253.04,1,1,2,253.04,218,1
15762.0,65,2,583.75,0,1,13,583.75,65,0
15763.0,32,2,1086.92,0,0,13,1086.92,32,0
15764.0,88,6,3279.97,0,0,21,3279.97,88,0
15766.0,64,1,315.06,0,1,1,315.06,64,0
15768.0,116,3,621.8299999999999,0,1,21,621.8299999999999,116,1
15769.0,7,26,56252.72,3,2,27,56252.72,7,0
15773.0,6,1,635.6800000000001,0,1,11,635.6800000000001,6,0
15774.0,69,1,270.8,0,1,1,270.8,69,0
15775.0,245,1,104.9,1,1,9,104.9,245,1
15776.0,133,1,241.62,0,1,1,241.62,133,1
15777.0,241,4,1047.11,1,3,2,1047.11,241,1
15780.0,184,3,475.28,1,1,21,475.28000000000003,184,1
15781.0,25,3,345.46,0,0,20,345.46,25,0
15782.0,10,3,2614.74,0,0,20,2614.74,10,0
15783.0,11,1,246.3,0,1,18,246.3,11,0
15785.0,33,5,2328.9700000000003,0,0,6,2328.9700000000003,33,0
15786.0,46,3,4932.2,0,3,22,4932.2,46,0
15787.0,26,3,948.05,0,0,20,948.05,26,0
15789.0,358,1,351.3,1,1,0,351.3,358,1
15790.0,10,1,220.85,0,1,18,220.85,10,0
15791.0,44,2,1612.69,0,0,13,1612.69,44,0
15793.0,15,3,965.61,0,0,20,965.61,15,0
15795.0,150,1,610.01,1,1,1,610.01,150,1
15796.0,1,8,2711.56,0,0,17,2711.56,1,0
15797.0,113,4,2207.4,0,0,21,2207.4,113,1
15799.0,76,3,884.14,0,0,20,884.14,76,0
15800.0,107,2,699.08,0,1,8,699.08,107,1
15801.0,46,3,1063.95,0,0,20,1063.95,46,0
15802.0,143,1,451.42,1,1,1,451.42,143,1
15803.0,51,1,415.8200000000001,0,1,1,415.82000000000005,51,0
15804.0,1,13,4206.39,0,3,27,4206.39,1,0
15805.0,23,17,5528.4800000000005,3,3,27,5528.4800000000005,23,0
15806.0,46,3,784.58,0,0,20,784.58,46,0
15807.0,50,3,903.9,0,0,20,903.9,50,0
15808.0,306,4,3734.97,1,3,2,3734.9700000000003,306,1
15809.0,36,5,515.77,0,0,6,515.77,36,0
15810.0,79,4,1391.98,0,0,22,1391.98,79,0
15811.0,22,6,2218.62,0,0,23,2218.62,22,0
15812.0,107,5,1801.14,0,0,21,1801.14,107,1
15813.0,208,2,1303.91,1,3,2,1303.9099999999999,208,1
15814.0,17,4,1945.33,0,0,22,1945.33,17,0
15815.0,64,5,2100.6,0,0,21,2100.6,64,0
15819.0,49,4,1905.45,0,0,22,1905.45,49,0
15820.0,320,1,206.98,1,1,3,206.98,320,1
15821.0,44,2,570.96,0,1,13,570.96,44,0
15822.0,3,2,885.47,0,0,12,885.47,3,0
15823.0,372,1,15.0,1,1,0,15.0,372,1
15825.0,172,1,532.94,1,1,4,532.94,172,1
15826.0,56,3,1654.31,0,0,20,1654.31,56,0
15827.0,73,14,1836.09,0,3,27,1836.09,73,0
15829.0,99,2,636.14,0,1,13,636.14,99,1
15830.0,38,1,576.0,0,1,16,576.0,38,0
15831.0,58,3,801.76,0,0,20,801.76,58,0
15832.0,254,1,836.79,1,1,14,836.79,254,1
15834.0,70,4,2233.75,0,0,22,2233.75,70,0
15835.0,44,4,954.09,0,0,22,954.09,44,0
15836.0,50,1,137.37,0,1,1,137.37,50,0
15837.0,65,1,391.98,0,1,1,391.98,65,0
15838.0,11,19,33643.08,3,2,27,33643.08,11,0
15839.0,33,3,1048.49,0,0,20,1048.49,33,0
15840.0,59,2,355.56,0,1,13,355.56,59,0
15841.0,73,4,1224.06,0,0,22,1224.06,73,0
15843.0,304,1,118.95,1,1,3,118.95,304,1
15844.0,46,1,130.73999999999998,0,1,7,130.73999999999998,46,0
15845.0,18,8,3711.77,0,0,17,3711.77,18,0
15847.0,38,2,389.27,0,1,13,389.27,38,0
15850.0,19,2,238.85,0,1,13,238.85,19,0
15852.0,187,2,160.71,1,1,2,160.71,187,1
15853.0,52,1,110.8,0,1,1,110.8,52,0
15854.0,4,12,2974.65,0,0,27,2974.65,4,0
15855.0,137,5,712.24,0,3,21,712.24,137,1
15856.0,4,27,16387.57,3,2,27,16387.57,4,0
15857.0,19,1,297.0,0,1,19,297.0,19,0
15858.0,16,5,1438.85,0,0,6,1438.85,16,0
15860.0,41,8,977.21,0,0,24,977.21,41,0
15861.0,12,8,3165.36,0,0,17,3165.36,12,0
15862.0,8,4,832.88,0,0,22,832.88,8,0
15863.0,26,2,68.84,0,0,13,68.84,26,0
15864.0,22,6,1936.32,0,0,23,1936.32,22,0
15865.0,41,3,895.13,0,0,20,895.13,41,0
15866.0,101,1,230.53,0,1,1,230.53,101,1
15867.0,5,15,3812.64,3,3,27,3812.64,5,0
15869.0,277,2,149.64,1,1,2,149.64,277,1
15870.0,33,1,354.09000000000003,0,1,16,354.09000000000003,33,0
15872.0,15,2,360.93,0,1,13,360.93,15,0
15874.0,64,7,4405.88,0,3,21,4405.88,64,0
15877.0,2,2,493.28,0,1,12,493.28,2,0
15880.0,369,1,343.28000000000003,1,1,0,343.28000000000003,369,1
15881.0,312,5,501.39,1,3,2,501.39,312,1
15882.0,199,4,516.36,1,3,21,516.36,199,1
15883.0,2,2,396.48,0,1,12,396.48,2,0
15885.0,93,3,379.35,0,1,20,379.35,93,1
15886.0,60,1,181.09,0,1,1,181.09,60,0
15888.0,81,1,168.31,0,1,1,168.31,81,0
15889.0,157,2,446.87,1,1,8,446.87,157,1
15891.0,227,1,524.52,1,1,4,524.52,227,1
15894.0,253,2,263.55,1,1,2,263.55,253,1
15895.0,150,1,179.17,1,1,1,179.17,150,1
15897.0,194,2,222.05,1,1,2,222.05,194,1
15898.0,1,5,1388.88,0,0,6,1388.88,1,0
15899.0,369,1,56.25,1,1,0,56.25,369,1
15900.0,24,1,351.11,0,1,19,351.11,24,0
15901.0,17,3,363.88,0,0,20,363.88,17,0
15903.0,10,7,5126.76,0,3,26,5126.76,10,0
15904.0,8,1,164.68,0,1,18,164.68,8,0
15906.0,20,7,1567.69,0,0,24,1567.69,20,0
15907.0,4,3,967.45,0,0,20,967.45,4,0
15909.0,174,1,191.94,1,1,4,191.94,174,1
15910.0,1,8,1232.18,0,0,17,1232.18,1,0
15912.0,178,2,264.62,1,1,8,264.62,178,1
15916.0,16,8,1528.09,0,0,17,1528.09,16,0
15917.0,248,1,123.1,1,1,9,123.1,248,1
15918.0,191,2,334.23,1,1,2,334.23,191,1
15919.0,20,2,639.89,0,1,13,639.89,20,0
15920.0,154,4,167.5,1,3,21,167.5,154,1
15921.0,173,1,336.03000000000003,1,1,4,336.03000000000003,173,1
15922.0,373,1,369.5,1,1,0,369.5,373,1
15923.0,373,1,127.08,1,1,0,127.08,373,1
15925.0,194,1,207.15,1,1,4,207.15,194,1
15930.0,67,1,426.63,0,1,1,426.63,67,0
15932.0,4,8,2495.87,0,0,17,2495.87,4,0
15933.0,21,3,1107.46,0,0,20,1107.46,21,0
15935.0,239,2,416.86,1,1,2,416.86,239,1
15937.0,64,1,145.35,0,1,1,145.35,64,0
15938.0,112,5,404.58,0,3,21,404.58000000000004,112,1
15939.0,90,15,6115.01,3,3,27,6115.01,90,0
15940.0,311,1,35.8,1,1,3,35.8,311,1
15942.0,134,1,337.44,0,1,1,337.44,134,1
15944.0,277,1,325.1,1,1,5,325.1,277,1
15945.0,365,1,181.0,1,1,0,181.0,365,1
15947.0,83,1,1708.24,0,0,1,1708.24,83,0
15948.0,8,2,955.24,0,0,12,955.24,8,0
15949.0,17,2,364.72,0,1,13,364.72,17,0
15950.0,32,4,1765.51,0,0,22,1765.51,32,0
15951.0,9,2,708.22,0,1,12,708.22,9,0
15952.0,34,4,806.57,0,0,22,806.57,34,0
15953.0,15,8,1659.38,0,0,17,1659.3799999999999,15,0
15955.0,24,14,4416.26,0,3,27,4416.26,24,0
15957.0,32,1,428.89,0,1,16,428.89,32,0
15958.0,74,1,104.35,0,1,1,104.35,74,0
15963.0,20,2,470.76,0,1,13,470.76,20,0
15965.0,17,4,845.64,0,0,22,845.64,17,0
15967.0,23,2,418.83,0,1,13,418.83,23,0
15969.0,3,3,666.1,0,0,20,666.1,3,0
15970.0,304,1,314.09999999999997,1,1,3,314.09999999999997,304,1
15971.0,18,12,4199.85,0,0,27,4199.85,18,0
15973.0,367,1,307.82000000000005,1,1,0,307.82000000000005,367,1
15974.0,39,7,3442.15,0,0,24,3442.15,39,0
15975.0,84,1,371.01,0,1,1,371.01,84,0
15976.0,165,2,430.94,1,1,8,430.94,165,1
15977.0,17,2,1054.73,0,0,13,1054.73,17,0
15978.0,77,1,1098.78,0,0,1,1098.78,77,0
15980.0,89,3,2398.86,0,0,-1,2398.86,89,0
15981.0,25,8,3408.48,0,0,17,3408.48,25,0
15983.0,22,4,1475.02,0,0,22,1475.02,22,0
15984.0,3,10,2837.67,0,0,27,2837.67,3,0
15985.0,123,2,1142.42,0,1,8,1142.42,123,1
15986.0,30,1,168.11999999999998,0,1,16,168.11999999999998,30,0
15987.0,12,7,1451.28,0,0,24,1451.28,12,0
15988.0,19,1,158.03,0,1,19,158.03,19,0
15990.0,44,2,792.11,0,1,13,792.11,44,0
15992.0,4,1,41.989999999999995,0,1,11,41.989999999999995,4,0
15993.0,9,7,2797.57,0,0,24,2797.57,9,0
15994.0,55,1,427.07,0,1,1,427.07,55,0
15996.0,88,6,1060.68,0,0,21,1060.68,88,0
15998.0,37,5,3089.97,0,0,6,3089.97,37,0
16000.0,3,3,12393.7,0,3,-1,12393.7,3,0
16003.0,30,5,2735.37,0,0,6,2735.37,30,0
16005.0,12,4,615.39,0,0,22,615.39,12,0
16006.0,211,1,101.4,1,1,4,101.4,211,1
16007.0,48,4,1701.94,0,0,22,1701.94,48,0
16008.0,24,3,478.78,0,0,20,478.78,24,0
16009.0,22,4,992.71,0,0,22,992.71,22,0
16010.0,246,3,407.5,1,1,2,407.5,246,1
16011.0,8,16,3362.71,3,3,27,3362.71,8,0
16012.0,35,3,1415.29,0,0,20,1415.29,35,0
16013.0,4,47,37130.6,3,2,27,37130.6,4,0
16014.0,38,3,662.38,0,0,20,662.38,38,0
16015.0,4,3,705.39,0,0,20,705.39,4,0
16016.0,3,8,1508.76,0,0,17,1508.76,3,0
16017.0,47,1,211.88,0,1,7,211.88,47,0
16018.0,39,2,408.9,0,1,13,408.9,39,0
16019.0,47,9,3786.24,0,0,24,3786.24,47,0
16020.0,17,3,851.01,0,0,20,851.01,17,0
16022.0,260,1,628.28,1,1,15,628.28,260,1
16023.0,46,3,719.8100000000001,0,0,20,719.8100000000001,46,0
16024.0,12,1,251.24,0,1,18,251.24,12,0
16025.0,30,1,439.66,0,1,16,439.65999999999997,30,0
16026.0,43,1,236.09,0,1,7,236.09,43,0
16027.0,92,6,934.62,0,0,21,934.62,92,1
16029.0,39,63,81024.84,2,2,27,81024.84,39,0
16030.0,310,1,331.24,1,1,3,331.24,310,1
16031.0,92,2,548.94,0,1,13,548.94,92,1
16033.0,6,20,8816.4,3,3,27,8816.4,6,0
16034.0,196,3,437.7,1,1,21,437.7,196,1
16036.0,87,2,758.9200000000001,0,1,13,758.9200000000001,87,0
16037.0,270,3,855.02,1,1,2,855.02,270,1
16038.0,8,3,471.78,0,0,20,471.78,8,0
16040.0,65,3,1313.55,0,0,20,1313.55,65,0
16041.0,31,3,3166.4,0,0,20,3166.4,31,0
16042.0,22,5,1197.27,0,0,6,1197.27,22,0
16043.0,38,4,773.99,0,0,22,773.99,38,0
16045.0,120,4,1340.7,0,0,21,1340.7,120,1
16048.0,373,2,256.44,1,1,0,256.44,373,1
16049.0,40,3,1111.79,0,0,20,1111.79,40,0
16050.0,174,1,137.9,1,1,4,137.9,174,1
16052.0,54,1,362.06,0,1,1,362.06,54,0
16053.0,33,2,1511.95,0,0,13,1511.95,33,0
16054.0,145,1,783.9,1,1,1,783.9,145,1
16055.0,221,1,134.8,1,1,4,134.8,221,1
16056.0,45,1,664.85,0,0,7,664.85,45,0
16057.0,16,7,2263.12,0,0,24,2263.12,16,0
16059.0,66,6,1459.86,0,0,21,1459.8600000000001,66,0
16062.0,10,4,1153.62,0,0,22,1153.62,10,0
16063.0,260,1,335.32,1,1,15,335.32,260,1
16065.0,365,1,372.09,1,1,0,372.09,365,1
16066.0,17,5,1521.87,0,0,6,1521.87,17,0
16070.0,22,2,852.15,0,0,13,852.15,22,0
16071.0,45,1,326.24,0,1,7,326.24,45,0
16072.0,288,1,584.3199999999999,1,1,3,584.3199999999999,288,1
16073.0,297,1,122.4,1,1,3,122.4,297,1
16076.0,3,10,2234.73,0,0,27,2234.73,3,0
16078.0,284,1,79.2,1,1,3,79.2,284,1
16079.0,17,3,1352.0,0,0,20,1352.0,17,0
16080.0,82,2,217.16,0,1,13,217.16,82,0
16081.0,56,5,2806.9,0,0,21,2806.9,56,0
16083.0,101,2,1317.62,0,0,13,1317.62,101,1
16084.0,299,1,436.18,1,1,3,436.18,299,1
16085.0,23,5,981.51,0,0,6,981.51,23,0
16086.0,59,5,1121.39,0,0,21,1121.39,59,0
16091.0,155,2,315.06,1,1,8,315.06,155,1
16092.0,115,3,817.86,0,1,21,817.86,115,1
16093.0,107,1,17.0,0,1,1,17.0,107,1
16094.0,12,4,1078.23,0,0,22,1078.23,12,0
16096.0,264,1,320.62,1,1,15,320.62,264,1
16097.0,240,1,185.05,1,1,10,185.04999999999998,240,1
16098.0,88,7,2005.63,0,0,21,2005.63,88,0
16099.0,50,3,731.9,0,0,20,731.9,50,0
16101.0,71,1,1290.7,0,0,1,1290.7,71,0
16102.0,42,3,1842.14,0,0,20,1842.14,42,0
16103.0,7,6,1429.64,0,0,23,1429.64,7,0
16104.0,62,1,302.36,0,1,1,302.36,62,0
16105.0,249,1,336.96,1,1,9,336.96,249,1
16106.0,66,1,108.38,0,1,1,108.38,66,0
16107.0,18,7,3204.1600000000003,0,0,24,3204.1600000000003,18,0
16108.0,85,1,842.5,0,0,1,842.5,85,0
16109.0,219,2,611.88,1,1,2,611.88,219,1
16110.0,45,3,1337.48,0,0,20,1337.48,45,0
16112.0,143,4,195.74,0,3,21,195.74,143,1
16113.0,183,1,161.38,1,1,4,161.38,183,1
16114.0,171,1,135.75000000000003,1,1,4,135.75000000000003,171,1
16115.0,10,8,1667.97,0,0,17,1667.97,10,0
16116.0,212,1,612.78,1,1,4,612.78,212,1
16117.0,190,1,232.21,1,1,4,232.21,190,1
16119.0,8,2,423.36,0,1,12,423.36,8,0
16120.0,59,4,1309.14,0,0,22,1309.14,59,0
16121.0,57,2,867.11,0,0,13,867.11,57,0
16122.0,73,4,684.42,0,0,22,684.42,73,0
16123.0,52,1,307.78,0,1,1,307.78,52,0
16124.0,317,1,249.0,1,1,3,249.0,317,1
16125.0,367,1,289.35,1,1,0,289.35,367,1
16126.0,29,4,6287.77,0,3,22,6287.77,29,0
16127.0,39,1,656.25,0,0,16,656.25,39,0
16128.0,18,5,1880.22,0,0,6,1880.22,18,0
16131.0,52,6,3506.54,0,0,21,3506.54,52,0
16133.0,4,33,14589.04,3,2,27,14589.04,4,0
16134.0,22,2,618.09,0,1,13,618.09,22,0
16135.0,263,1,517.55,1,1,15,517.55,263,1
16136.0,60,3,709.38,0,0,20,709.38,60,0
16139.0,19,3,635.41,0,0,20,635.41,19,0
16140.0,66,2,725.1800000000001,0,1,13,725.1800000000001,66,0
16141.0,88,1,620.4,0,1,1,620.4,88,0
16142.0,250,1,535.34,1,1,9,535.34,250,1
16143.0,3,6,2424.94,0,0,23,2424.94,3,0
16144.0,247,1,175.2,1,1,9,175.2,247,1
16145.0,9,11,3799.49,0,0,27,3799.4900000000002,9,0
16146.0,157,3,734.13,1,1,21,734.13,157,1
16147.0,134,1,375.0,0,1,1,375.0,134,1
16148.0,296,1,76.32000000000001,1,1,3,76.32000000000001,296,1
16149.0,5,2,280.52,0,1,12,280.52,5,0
16150.0,43,5,2053.02,0,0,6,2053.02,43,0
16152.0,269,1,1829.04,1,3,15,1829.04,269,1
16153.0,50,5,1824.23,0,0,21,1824.23,50,0
16156.0,9,9,3122.04,0,0,25,3122.04,9,0
16157.0,16,3,656.69,0,0,20,656.69,16,0
16159.0,282,1,348.2,1,1,3,348.2,282,1
16160.0,65,2,1025.44,0,0,13,1025.44,65,0
16161.0,2,19,5575.56,3,3,27,5575.56,2,0
16162.0,252,1,37.4,1,1,14,37.4,252,1
16163.0,232,2,856.6,1,1,2,856.6,232,1
16164.0,17,3,822.48,0,0,20,822.48,17,0
16168.0,11,27,3787.6,3,2,27,3787.6,11,0
16169.0,8,4,1822.97,0,0,22,1822.97,8,0
16170.0,51,6,1885.05,0,0,21,1885.05,51,0
16171.0,59,1,73.19999999999999,0,1,1,73.19999999999999,59,0
16172.0,95,5,1140.21,0,0,21,1140.21,95,1
16173.0,16,6,1418.32,0,0,23,1418.32,16,0
16174.0,126,3,1009.55,0,1,21,1009.55,126,1
16175.0,94,4,1037.59,0,0,-1,1037.59,94,1
16177.0,50,1,331.95,0,1,1,331.95,50,0
16178.0,138,1,197.9,0,1,1,197.9,138,1
16179.0,61,1,215.83,0,1,1,215.83,61,0
16180.0,100,8,10254.18,0,3,-1,10254.18,100,1
16181.0,73,1,305.54,0,1,1,305.54,73,0
16182.0,72,4,6617.65,0,3,22,6617.65,72,0
16183.0,67,1,338.71000000000004,0,1,1,338.71000000000004,67,0
16184.0,64,6,1158.79,0,0,21,1158.79,64,0
16185.0,17,2,529.41,0,1,13,529.41,17,0
16186.0,23,12,4006.94,0,0,27,4006.94,23,0
16187.0,32,15,6911.4400000000005,3,3,27,6911.4400000000005,32,0
16188.0,45,4,981.86,0,0,22,981.86,45,0
16189.0,16,2,215.48,0,1,13,215.48,16,0
16190.0,40,1,215.08,0,1,16,215.08,40,0
16191.0,3,13,5180.52,0,3,27,5180.52,3,0
16193.0,237,1,314.45,1,1,10,314.45,237,1
16198.0,75,1,400.681,0,1,1,400.68100000000004,75,0
16200.0,4,2,1080.62,0,0,12,1080.6200000000001,4,0
16201.0,3,4,1863.47,0,0,22,1863.47,3,0
16202.0,361,1,365.27,1,1,0,365.27,361,1
16203.0,59,4,592.9,0,0,22,592.9,59,0
16204.0,23,1,405.71,0,1,19,405.71,23,0
16205.0,31,4,761.38,0,0,22,761.38,31,0
16206.0,55,4,537.0600000000001,0,0,22,537.0600000000001,55,0
16207.0,25,1,394.38,0,1,19,394.38,25,0
16208.0,45,2,664.26,0,1,13,664.26,45,0
16209.0,89,5,2262.62,0,0,21,2262.62,89,0
16210.0,2,18,21086.3,3,2,27,21086.3,2,0
16211.0,89,1,547.02,0,1,1,547.02,89,0
16212.0,19,2,690.34,0,1,13,690.34,19,0
16213.0,79,1,159.0,0,1,1,159.0,79,0
16214.0,171,3,1062.75,1,1,21,1062.75,171,1
16215.0,81,1,242.35,0,1,1,242.35,81,0
16216.0,267,1,914.93,1,1,15,914.9300000000001,267,1
16217.0,235,2,304.25,1,1,2,304.25,235,1
16218.0,30,7,3084.68,0,0,24,3084.68,30,0
16221.0,37,3,864.86,0,0,20,864.86,37,0
16222.0,318,1,846.72,1,1,3,846.72,318,1
16224.0,57,4,1295.3,0,0,22,1295.3,57,0
16225.0,45,5,1096.32,0,0,6,1096.32,45,0
16226.0,203,3,255.12,1,1,21,255.12,203,1
16227.0,225,1,314.22,1,1,4,314.22,225,1
16229.0,87,2,1010.6,0,0,13,1010.6,87,0
16230.0,190,2,542.03,1,1,2,542.03,190,1
16232.0,44,4,990.88,0,0,22,990.88,44,0
16233.0,71,3,536.6800000000001,0,0,20,536.6800000000001,71,0
16235.0,41,5,867.31,0,0,6,867.31,41,0
16236.0,78,1,432.2,0,1,1,432.2,78,0
16239.0,57,2,414.2,0,1,13,414.2,57,0
16240.0,24,2,3718.8,0,3,20,3718.8,24,0
16241.0,10,13,2607.87,0,3,27,2607.87,10,0
16242.0,8,7,3603.21,0,0,24,3603.21,8,0
16243.0,34,2,409.1,0,1,13,409.1,34,0
16244.0,212,2,1522.75,1,3,2,1522.75,212,1
16245.0,24,3,1413.66,0,0,20,1413.66,24,0
16247.0,170,1,114.56,1,1,4,114.56,170,1
16248.0,62,1,152.94,0,1,1,152.94,62,0
16249.0,53,5,1800.07,0,0,21,1800.07,53,0
16250.0,261,2,389.44,1,1,2,389.44,261,1
16253.0,67,2,3683.86,0,3,22,3683.86,67,0
16255.0,17,8,2619.91,0,0,17,2619.91,17,0
16256.0,267,1,752.4300000000001,1,1,15,752.4300000000001,267,1
16257.0,177,1,46.95,1,1,4,46.95,177,1
16258.0,45,5,5203.51,0,3,-1,5203.51,45,0
16260.0,51,1,1035.45,0,0,1,1035.45,51,0
16261.0,17,4,746.83,0,0,22,746.83,17,0
16265.0,9,9,5447.0,0,3,-1,5447.0,9,0
16266.0,74,7,861.89,0,0,21,861.89,74,0
16268.0,71,2,667.65,0,1,13,667.65,71,0
16270.0,353,1,1141.24,1,1,0,1141.24,353,1
16271.0,3,5,1429.24,0,0,6,1429.24,3,0
16272.0,117,1,411.7,0,1,1,411.7,117,1
16274.0,373,1,357.95,1,1,0,357.95,373,1
16275.0,197,1,559.87,1,1,4,559.87,197,1
16276.0,177,1,810.6,1,1,4,810.6,177,1
16278.0,100,1,566.38,0,1,1,566.38,100,1
16279.0,21,3,1509.58,0,0,20,1509.58,21,0
16281.0,72,1,2062.06,0,0,1,2062.06,72,0
16282.0,340,1,168.3,1,1,2,168.3,340,1
16283.0,6,5,1570.81,0,0,6,1570.81,6,0
16284.0,31,2,823.97,0,0,13,823.97,31,0
16287.0,170,1,142.5,1,1,4,142.5,170,1
16292.0,122,1,302.25,0,1,1,302.25,122,1
16293.0,22,10,2248.99,0,0,27,2248.9900000000002,22,0
16295.0,10,4,1328.55,0,0,22,1328.55,10,0
16297.0,269,1,301.9,1,1,15,301.9,269,1
16298.0,23,3,598.2,0,0,20,598.2,23,0
16302.0,127,1,233.22,0,1,1,233.22,127,1
16303.0,26,3,5360.63,0,3,22,5360.63,26,0
16305.0,139,1,361.22,0,1,1,361.21999999999997,139,1
16306.0,214,6,632.27,1,3,21,632.27,214,1
16308.0,38,4,2560.0,0,0,22,2560.0,38,0
16309.0,106,2,706.57,0,1,8,706.57,106,1
16311.0,18,2,616.26,0,1,13,616.26,18,0
16313.0,3,2,274.15,0,1,12,274.15,3,0
16315.0,331,1,226.37,1,1,2,226.37,331,1
16316.0,64,8,2938.91,0,0,21,2938.91,64,0
16317.0,120,3,1341.65,0,0,21,1341.65,120,1
16318.0,35,1,328.15,0,1,16,328.15,35,0
16319.0,218,1,404.4,1,1,4,404.40000000000003,218,1
16320.0,172,2,1038.46,1,1,8,1038.46,172,1
16321.0,72,5,373.65,0,0,22,373.65,72,0
16322.0,1,2,326.75,0,1,12,326.75,1,0
16323.0,196,1,207.50000000000003,1,1,4,207.50000000000003,196,1
16324.0,128,3,428.68,0,1,21,428.68,128,1
16325.0,47,3,594.24,0,0,20,594.24,47,0
16326.0,6,14,3110.96,0,3,27,3110.96,6,0
16327.0,14,6,3844.22,0,0,23,3844.22,14,0
16330.0,18,3,251.91,0,0,20,251.91,18,0
16332.0,28,7,1593.2,0,0,24,1593.2,28,0
16333.0,8,22,26626.8,3,2,27,26626.8,8,0
16337.0,37,1,151.05,0,1,16,151.05,37,0
16338.0,157,1,214.8,1,1,1,214.8,157,1
16339.0,284,1,109.95,1,1,3,109.95,284,1
16340.0,107,1,549.07,0,1,1,549.07,107,1
16341.0,25,4,1971.87,0,0,22,1971.8700000000001,25,0
16342.0,75,4,322.41,0,0,22,322.41,75,0
16343.0,16,2,370.48,0,1,13,370.48,16,0
16344.0,158,1,101.1,1,1,1,101.10000000000001,158,1
16345.0,44,1,575.41,0,1,7,575.41,44,0
16347.0,11,2,887.65,0,0,12,887.65,11,0
16348.0,32,7,1469.45,0,0,24,1469.45,32,0
16349.0,291,1,53.5,1,1,3,53.5,291,1
16350.0,21,4,1116.47,0,0,22,1116.47,21,0
16351.0,333,1,153.9,1,1,2,153.9,333,1
16352.0,18,2,494.44,0,1,13,494.44,18,0
16353.0,4,23,6675.71,3,3,27,6675.71,4,0
16354.0,63,2,395.8,0,1,13,395.8,63,0
16356.0,198,3,211.77,1,1,21,211.77,198,1
16357.0,33,3,658.88,0,0,20,658.88,33,0
16358.0,1,4,2027.5,0,0,22,2027.5,1,0
16359.0,7,9,1750.92,0,0,25,1750.92,7,0
16360.0,5,6,3512.53,0,0,23,3512.53,5,0
16361.0,10,4,896.66,0,0,22,896.66,10,0
16362.0,32,5,734.77,0,0,6,734.77,32,0
16363.0,53,1,109.36,0,1,1,109.36000000000001,53,0
16364.0,12,2,707.04,0,1,12,707.04,12,0
16365.0,18,9,1540.42,0,0,25,1540.42,18,0
16366.0,19,1,327.3,0,1,19,327.3,19,0
16367.0,37,2,804.49,0,0,13,804.49,37,0
16368.0,2,2,497.43,0,1,12,497.43,2,0
16369.0,18,3,1553.66,0,0,20,1553.66,18,0
16370.0,82,4,1320.56,0,0,22,1320.56,82,0
16372.0,33,2,367.93,0,1,13,367.93,33,0
16374.0,66,2,473.03,0,1,13,473.03,66,0
16376.0,9,2,987.01,0,0,12,987.01,9,0
16377.0,267,1,676.2,1,1,15,676.2,267,1
16378.0,247,3,362.95,1,1,2,362.95,247,1
16379.0,4,4,2157.4,0,0,22,2157.4,4,0
16380.0,61,1,1780.59,0,0,1,1780.59,61,0
16383.0,75,2,668.36,0,1,13,668.36,75,0
16384.0,90,2,584.5,0,1,13,584.5,90,0
16385.0,60,3,555.89,0,0,20,555.89,60,0
16386.0,29,2,317.2,0,1,13,317.2,29,0
16387.0,323,1,94.36,1,1,3,94.36,323,1
16389.0,53,4,1382.07,0,0,22,1382.07,53,0
16392.0,270,1,221.19,1,1,15,221.19,270,1
16393.0,2,13,3046.21,0,3,27,3046.21,2,0
16394.0,57,5,1555.34,0,0,21,1555.34,57,0
16395.0,61,5,1486.9,0,0,21,1486.9,61,0
16398.0,154,2,1705.8,1,3,8,1705.8,154,1
16399.0,19,2,408.57,0,1,13,408.57,19,0
16400.0,95,1,303.93,0,1,1,303.93,95,1
16401.0,1,12,4098.32,0,0,27,4098.32,1,0
16402.0,265,2,299.6,1,1,2,299.6,265,1
16403.0,312,1,177.5,1,1,3,177.5,312,1
16404.0,70,1,443.05,0,1,1,443.05,70,0
16405.0,302,2,167.25,1,1,2,167.25,302,1
16406.0,19,1,163.07,0,1,19,163.07,19,0
16407.0,13,10,2126.93,0,0,27,2126.93,13,0
16409.0,36,5,2028.88,0,0,6,2028.88,36,0
16411.0,19,2,214.65,0,1,13,214.65,19,0
16412.0,54,1,151.83,0,1,1,151.83,54,0
16413.0,57,1,262.2,0,1,1,262.2,57,0
16414.0,22,2,126.25,0,1,13,126.25,22,0
16415.0,44,1,210.35,0,1,7,210.35,44,0
16416.0,27,3,1051.4,0,0,20,1051.4,27,0
16418.0,45,3,675.27,0,0,20,675.27,45,0
16419.0,113,6,972.23,0,3,21,972.23,113,1
16422.0,17,51,34684.4,3,2,27,34684.4,17,0
16423.0,25,1,346.12,0,1,19,346.12,25,0
16424.0,191,1,133.56,1,1,4,133.56,191,1
16425.0,302,1,302.7,1,1,3,302.7,302,1
16426.0,2,10,1908.25,0,0,27,1908.25,2,0
16427.0,263,2,241.06,1,1,2,241.06,263,1
16429.0,106,1,284.55,0,1,1,284.55,106,1
16430.0,57,1,300.85,0,1,1,300.85,57,0
16431.0,213,3,642.81,1,1,2,642.81,213,1
16432.0,64,1,287.40000000000003,0,1,1,287.40000000000003,64,0
16433.0,28,1,184.26,0,1,16,184.26,28,0
16434.0,29,7,1522.25,0,0,24,1522.25,29,0
16438.0,6,5,798.35,0,0,6,798.35,6,0
16440.0,8,5,3640.67,0,0,22,3640.67,8,0
16441.0,67,2,381.2,0,1,13,381.2,67,0
16442.0,2,3,616.79,0,0,20,616.79,2,0
16444.0,46,4,654.67,0,0,22,654.67,46,0
16445.0,34,1,230.51,0,1,16,230.51,34,0
16446.0,1,2,168472.5,2,2,27,168472.5,1,0
16447.0,136,1,259.01,0,1,1,259.01,136,1
16448.0,198,1,188.89,1,1,4,188.89000000000001,198,1
16449.0,198,2,707.69,1,1,2,707.69,198,1
16450.0,150,1,311.92,1,1,1,311.92,150,1
16451.0,88,1,266.97,0,1,1,266.97,88,0
16454.0,45,2,6.9,0,0,13,6.9,45,0
16455.0,64,7,1841.18,0,0,21,1841.18,64,0
16456.0,99,5,2158.37,0,0,21,2158.37,99,1
16457.0,218,1,208.36,1,1,4,208.36,218,1
16458.0,3,18,3482.74,3,3,27,3482.7400000000002,3,0
16460.0,28,3,814.72,0,0,20,814.72,28,0
16461.0,178,1,151.42,1,1,4,151.42,178,1
16462.0,74,3,136.0,0,0,20,136.0,74,0
16463.0,21,4,1422.4,0,0,22,1422.4,21,0
16464.0,20,3,1314.68,0,0,20,1314.68,20,0
16466.0,34,7,1603.46,0,0,24,1603.46,34,0
16468.0,74,1,74.9,0,1,1,74.9,74,0
16469.0,24,4,650.43,0,0,22,650.43,24,0
16470.0,52,4,762.39,0,0,22,762.39,52,0
16471.0,275,1,223.95,1,1,5,223.95000000000002,275,1
16473.0,165,3,316.11,1,1,21,316.11,165,1
16474.0,7,7,1871.5,0,0,24,1871.5,7,0
16475.0,88,4,544.3,0,0,22,544.3,88,0
16477.0,64,7,2494.46,0,0,21,2494.46,64,0
16478.0,25,3,331.0,0,0,20,331.0,25,0
16479.0,10,2,300.83,0,1,12,300.83,10,0
16480.0,76,1,769.29,0,0,1,769.29,76,0
16482.0,16,1,220.62,0,1,19,220.62,16,0
16483.0,192,1,139.35,1,1,4,139.35,192,1
16484.0,174,2,404.3,1,1,8,404.3,174,1
16485.0,77,1,363.65,0,1,1,363.65,77,0
16488.0,33,3,498.8,0,0,20,498.8,33,0
16491.0,47,1,731.5,0,0,7,731.5,47,0
16493.0,80,4,1351.63,0,0,22,1351.6299999999999,80,0
16494.0,297,1,826.53,1,1,3,826.53,297,1
16495.0,3,3,684.41,0,0,20,684.41,3,0
16496.0,9,3,1599.52,0,0,20,1599.52,9,0
16497.0,50,6,2965.69,0,0,21,2965.69,50,0
16498.0,161,2,100.97,1,1,8,100.97,161,1
16499.0,360,2,365.45,1,1,0,365.45,360,1
16500.0,5,6,400.86,0,0,23,400.86,5,0
16503.0,107,4,1431.93,0,0,21,1431.93,107,1
16504.0,25,1,484.38,0,1,19,484.38,25,0
16505.0,32,1,777.6,0,0,16,777.6,32,0
16506.0,20,2,90.3,0,1,13,90.30000000000001,20,0
16509.0,297,1,363.7000000000001,1,1,3,363.70000000000005,297,1
16510.0,372,1,248.1,1,1,0,248.1,372,1
16511.0,22,3,950.26,0,0,20,950.26,22,0
16513.0,5,4,874.59,0,0,22,874.59,5,0
16515.0,52,5,1627.13,0,0,21,1627.13,52,0
16516.0,30,1,101.7,0,1,16,101.69999999999999,30,0
16517.0,277,1,162.7,1,1,5,162.7,277,1
16518.0,61,2,484.32,0,1,13,484.32,61,0
16519.0,25,2,215.08,0,1,13,215.07999999999998,25,0
16520.0,186,3,1046.57,1,1,21,1046.57,186,1
16523.0,2,21,9418.47,3,3,27,9418.470000000001,2,0
16525.0,2,26,13027.45,3,2,27,13027.45,2,0
16526.0,172,1,290.36,1,1,4,290.36,172,1
16527.0,81,1,228.06,0,1,1,228.06,81,0
16528.0,4,1,244.41,0,1,11,244.41,4,0
16529.0,190,1,455.25,1,1,4,455.25,190,1
16531.0,22,7,1244.59,0,0,24,1244.59,22,0
16532.0,18,3,6748.8,0,3,22,6748.8,18,0
16533.0,19,3,1095.56,0,0,20,1095.56,19,0
16535.0,5,1,593.75,0,1,11,593.75,5,0
16536.0,110,1,548.97,0,1,1,548.97,110,1
16539.0,3,4,1388.81,0,0,22,1388.81,3,0
16542.0,54,1,119.62,0,1,1,119.62,54,0
16545.0,165,1,339.3,1,1,1,339.3,165,1
16546.0,291,2,787.15,1,1,2,787.15,291,1
16549.0,10,10,4154.64,0,0,27,4154.64,10,0
16550.0,109,5,2298.97,0,0,21,2298.97,109,1
16551.0,96,3,922.12,0,1,20,922.12,96,1
16552.0,243,2,379.73,1,1,2,379.73,243,1
16553.0,163,12,5719.82,0,3,-1,5719.82,163,1
16554.0,42,3,837.1,0,0,20,837.1,42,0
16555.0,35,2,285.89,0,1,13,285.89,35,0
16556.0,67,7,3313.79,0,0,21,3313.79,67,0
16557.0,24,2,281.85,0,1,13,281.85,24,0
16558.0,1,20,8338.49,3,3,27,8338.49,1,0
16560.0,27,2,841.41,0,0,13,841.41,27,0
16561.0,6,2,511.12,0,1,12,511.12,6,0
16563.0,54,1,1077.74,0,0,1,1077.74,54,0
16565.0,364,1,173.7,1,1,0,173.7,364,1
16566.0,15,5,614.66,0,0,6,614.66,15,0
16567.0,194,2,865.6,1,1,2,865.6,194,1
16569.0,3,1,124.2,0,1,11,124.2,3,0
16570.0,15,10,3738.4,0,0,27,3738.4,15,0
16571.0,27,3,1421.69,0,0,20,1421.69,27,0
16572.0,127,3,1009.6,0,1,21,1009.6,127,1
16573.0,85,2,663.61,0,1,13,663.61,85,0
16574.0,71,1,451.44,0,1,1,451.44,71,0
16581.0,183,1,105.84,1,1,4,105.84,183,1
16582.0,113,1,313.62,0,1,1,313.62,113,1
16583.0,374,1,233.45,1,1,0,233.45,374,1
16584.0,80,2,936.08,0,0,13,936.08,80,0
16586.0,249,1,463.95,1,1,9,463.95,249,1
16587.0,232,1,225.15,1,1,10,225.15,232,1
16589.0,71,3,459.24,0,0,20,459.24,71,0
16591.0,69,1,213.5,0,1,1,213.5,69,0
16592.0,4,16,4113.68,3,3,27,4113.68,4,0
16593.0,51,3,330.03,0,0,20,330.03,51,0
16594.0,75,1,181.09,0,1,1,181.09,75,0
16595.0,61,1,360.16,0,1,1,360.16,61,0
16596.0,16,2,250.15,0,1,13,250.15,16,0
16597.0,4,1,90.04,0,1,11,90.04,4,0
16598.0,286,1,145.05,1,1,3,145.05,286,1
16600.0,4,6,813.52,0,0,23,813.52,4,0
16601.0,41,1,244.8,0,1,16,244.8,41,0
16602.0,36,1,528.08,0,1,16,528.08,36,0
16603.0,75,2,482.47,0,1,13,482.47,75,0
16607.0,18,14,3347.71,0,3,27,3347.71,18,0
16609.0,15,7,5493.46,0,3,26,5493.46,15,0
16610.0,219,1,75.66,1,1,4,75.66,219,1
16611.0,186,1,129.49,1,1,4,129.49,186,1
16612.0,33,4,1187.66,0,0,22,1187.66,33,0
16613.0,70,1,618.59,0,1,1,618.59,70,0
16614.0,183,1,506.19,1,1,4,506.19,183,1
16616.0,15,2,500.42,0,1,13,500.42,15,0
16617.0,236,1,151.85,1,1,10,151.85,236,1
16618.0,31,5,2647.59,0,0,6,2647.59,31,0
16619.0,264,1,226.21,1,1,15,226.20999999999998,264,1
16620.0,4,2,178.96,0,1,12,178.96,4,0
16621.0,52,4,813.48,0,0,22,813.48,52,0
16623.0,246,1,129.45,1,1,9,129.45,246,1
16624.0,81,2,810.57,0,1,13,810.57,81,0
16625.0,275,1,333.08,1,1,5,333.08,275,1
16626.0,1,17,4413.1,3,3,27,4413.1,1,0
16627.0,79,1,322.8,0,1,1,322.8,79,0
16628.0,30,5,2188.05,0,0,6,2188.05,30,0
16629.0,74,2,417.73,0,1,13,417.73,74,0
16633.0,17,6,2883.1,0,0,23,2883.1,17,0
16634.0,223,2,217.9,1,1,2,217.9,223,1
16637.0,32,4,1154.47,0,0,22,1154.47,32,0
16638.0,23,10,1680.72,0,0,27,1680.72,23,0
16639.0,31,3,1257.51,0,0,20,1257.51,31,0
16641.0,106,1,231.1,0,1,1,231.1,106,1
16642.0,5,2,688.33,0,1,12,688.33,5,0
16643.0,246,1,487.51,1,1,9,487.51,246,1
16644.0,178,2,833.78,1,1,8,833.78,178,1
16647.0,170,2,214.06,1,1,8,214.06,170,1
16648.0,43,1,290.65999999999997,0,1,7,290.65999999999997,43,0
16650.0,72,1,518.42,0,1,1,518.42,72,0
16652.0,59,7,6773.97,0,3,21,6773.97,59,0
16653.0,16,2,1212.66,0,0,13,1212.66,16,0
16654.0,141,4,601.27,0,3,21,601.27,141,1
16655.0,18,6,3794.52,0,0,23,3794.52,18,0
16656.0,22,15,8625.8,3,3,27,8625.8,22,0
16657.0,10,4,933.62,0,0,22,933.62,10,0
16658.0,368,1,123.24,1,1,0,123.24,368,1
16659.0,189,1,39.12,1,1,4,39.12,189,1
16660.0,16,4,1267.65,0,0,22,1267.65,16,0
16665.0,362,1,135.4,1,1,0,135.4,362,1
16666.0,19,1,118.98,0,1,19,118.98,19,0
16667.0,68,2,570.13,0,1,13,570.13,68,0
16668.0,15,6,306.72,0,0,23,306.72,15,0
16669.0,24,3,1374.87,0,0,20,1374.87,24,0
16670.0,17,11,4095.9,0,0,27,4095.9,17,0
16671.0,28,3,1692.27,0,0,20,1692.27,28,0
16672.0,2,20,8134.94,3,3,27,8134.9400000000005,2,0
16674.0,55,2,319.61,0,1,13,319.61,55,0
16676.0,34,4,1592.12,0,0,22,1592.12,34,0
16678.0,3,12,3109.99,0,0,27,3109.99,3,0
16679.0,366,1,129.75,1,1,0,129.75,366,1
16680.0,43,1,183.7,0,1,7,183.7,43,0
16681.0,73,6,1770.34,0,0,21,1770.3400000000001,73,0
16682.0,5,5,1028.0,0,0,6,1028.0,5,0
16684.0,4,28,66653.56,3,2,27,66653.56,4,0
16685.0,61,2,324.24,0,1,13,324.24,61,0
16686.0,47,7,3062.83,0,0,-1,3062.83,47,0
16688.0,1,4,1260.86,0,0,22,1260.86,1,0
16689.0,76,2,422.6,0,1,13,422.6,76,0
16690.0,72,2,225.58,0,1,13,225.58,72,0
16692.0,256,2,1276.0,1,3,2,1276.0,256,1
16693.0,69,2,482.01,0,1,13,482.01,69,0
16696.0,135,4,657.9,0,3,21,657.9,135,1
16697.0,241,1,112.75,1,1,10,112.75,241,1
16698.0,227,2,1998.0,1,3,2,1998.0,227,1
16700.0,9,13,5076.55,0,3,27,5076.55,9,0
16701.0,9,13,5398.3,0,3,27,5398.3,9,0
16705.0,1,20,14034.99,3,3,27,14034.99,1,0
16706.0,37,3,531.35,0,0,20,531.35,37,0
16708.0,46,1,656.63,0,0,7,656.63,46,0
16709.0,85,5,3029.87,0,0,21,3029.87,85,0
16710.0,19,10,2483.04,0,0,27,2483.04,19,0
16711.0,3,5,1651.03,0,0,6,1651.03,3,0
16712.0,9,11,3645.43,0,0,27,3645.43,9,0
16713.0,19,15,6923.13,3,3,27,6923.13,19,0
16714.0,219,3,1161.53,1,1,2,1161.53,219,1
16715.0,78,1,301.71999999999997,0,1,1,301.71999999999997,78,0
16716.0,267,2,901.2,1,1,2,901.2,267,1
16717.0,24,6,3858.38,0,0,23,3858.38,24,0
16718.0,369,1,623.75,1,1,0,623.75,369,1
16719.0,15,7,1790.42,0,0,24,1790.42,15,0
16720.0,26,1,155.24,0,1,19,155.24,26,0
16721.0,262,1,292.47,1,1,15,292.47,262,1
16722.0,17,13,4730.81,0,3,27,4730.81,17,0
16723.0,91,2,589.15,0,1,13,589.15,91,1
16725.0,302,7,781.02,1,3,2,781.02,302,1
16726.0,26,5,1382.02,0,0,6,1382.02,26,0
16727.0,364,1,272.82,1,1,0,272.82,364,1
16728.0,46,4,1054.67,0,0,22,1054.67,46,0
16729.0,38,21,7239.92,3,3,27,7239.92,38,0
16730.0,52,3,743.11,0,0,20,743.11,52,0
16732.0,32,1,603.75,0,1,16,603.75,32,0
16734.0,52,3,650.51,0,0,20,650.51,52,0
16735.0,79,5,2300.56,0,0,21,2300.56,79,0
16737.0,53,1,417.6,0,1,1,417.6,53,0
16738.0,298,1,3.75,1,1,3,3.75,298,1
16739.0,177,1,323.0,1,1,4,323.0,177,1
16742.0,47,1,464.9,0,1,7,464.9,47,0
16743.0,29,7,2238.09,0,0,24,2238.09,29,0
16744.0,11,7,1304.76,0,0,24,1304.76,11,0
16745.0,87,17,7194.3,3,3,27,7194.3,87,0
16746.0,5,18,6697.66,3,3,27,6697.66,5,0
16747.0,38,2,836.0600000000001,0,0,13,836.0600000000001,38,0
16748.0,18,5,1515.9,0,0,6,1515.9,18,0
16750.0,45,5,623.93,0,0,6,623.93,45,0
16751.0,31,1,1764.72,0,0,16,1764.72,31,0
16752.0,373,1,207.5,1,1,0,207.5,373,1
16753.0,58,1,223.92,0,1,1,223.92000000000002,58,0
16754.0,372,1,2002.4,1,3,0,2002.4,372,1
16755.0,114,3,1496.83,0,0,21,1496.83,114,1
16756.0,215,1,239.4,1,1,4,239.4,215,1
16757.0,319,1,106.83,1,1,3,106.83000000000001,319,1
16758.0,65,1,369.34,0,1,1,369.34000000000003,65,0
16759.0,8,3,789.79,0,0,20,789.79,8,0
16761.0,97,1,316.62,0,1,1,316.62,97,1
16762.0,20,3,1501.38,0,0,20,1501.38,20,0
16763.0,199,1,611.8499999999999,1,1,4,611.8499999999999,199,1
16764.0,4,13,2799.25,0,3,27,2799.25,4,0
16765.0,294,1,34.0,1,1,3,34.0,294,1
16766.0,273,2,1145.6,1,1,2,1145.6,273,1
16767.0,31,11,5580.6,0,3,27,5580.6,31,0
16768.0,48,3,478.09,0,0,20,478.09000000000003,48,0
16769.0,260,1,380.39,1,1,15,380.39,260,1
16770.0,58,5,770.1,0,0,21,770.1,58,0
16771.0,33,5,2246.81,0,0,6,2246.81,33,0
16773.0,57,1,171.59,0,1,1,171.59,57,0
16774.0,68,4,661.52,0,0,22,661.52,68,0
16775.0,10,11,1695.66,0,0,27,1695.66,10,0
16776.0,60,1,388.28,0,1,1,388.28,60,0
16777.0,80,2,226.35,0,1,13,226.35,80,0
16778.0,74,2,245.94,0,1,13,245.94,74,0
16779.0,2,22,10629.72,3,3,27,10629.72,2,0
16780.0,100,2,425.19,0,1,13,425.19,100,1
16781.0,372,1,311.25,1,1,0,311.25,372,1
16782.0,10,13,2279.9,0,3,27,2279.9,10,0
16784.0,20,1,107.6,0,1,19,107.6,20,0
16788.0,123,2,597.48,0,1,8,597.48,123,1
16789.0,8,1,80.8,0,1,18,80.8,8,0
16790.0,4,6,1545.62,0,0,23,1545.62,4,0
16791.0,29,7,1721.78,0,0,24,1721.78,29,0
16792.0,282,2,110.38,1,1,2,110.38,282,1
16793.0,57,1,243.84,0,1,1,243.84,57,0
16794.0,1,10,1222.71,0,0,27,1222.71,1,0
16795.0,365,1,414.88,1,1,0,414.88,365,1
16796.0,89,1,305.62,0,1,1,305.62,89,0
16800.0,11,1,1201.49,0,0,18,1201.49,11,0
16801.0,163,4,1619.73,1,3,21,1619.73,163,1
16803.0,65,1,332.3,0,1,1,332.3,65,0
16804.0,23,3,536.99,0,0,20,536.99,23,0
16805.0,174,2,460.59,1,1,8,460.59000000000003,174,1
16806.0,103,4,801.49,0,0,21,801.49,103,1
16807.0,143,3,1121.59,0,1,21,1121.59,143,1
16808.0,99,2,288.42,0,1,13,288.42,99,1
16809.0,23,5,914.69,0,0,6,914.69,23,0
16810.0,192,1,309.54,1,1,4,309.54,192,1
16811.0,5,2,547.07,0,1,12,547.07,5,0
16812.0,361,1,479.35,1,1,0,479.35,361,1
16813.0,8,10,1692.98,0,0,27,1692.98,8,0
16814.0,14,21,6509.1,3,3,27,6509.1,14,0
16816.0,103,4,417.06,0,0,21,417.06,103,1
16817.0,3,9,1604.75,0,0,25,1604.75,3,0
16818.0,11,11,3349.57,0,0,27,3349.57,11,0
16820.0,96,1,497.61,0,1,1,497.61,96,1
16823.0,227,1,358.38,1,1,4,358.38,227,1
16824.0,16,2,460.64,0,1,13,460.64,16,0
16825.0,39,2,775.18,0,1,13,775.18,39,0
16826.0,51,1,341.7,0,1,1,341.7,51,0
16828.0,93,2,128.5,0,1,13,128.5,93,1
16829.0,157,1,197.22,1,1,1,197.22,157,1
16830.0,39,1,325.91,0,1,16,325.91,39,0
16832.0,184,3,199.15,1,1,21,199.15,184,1
16833.0,1,4,1106.53,0,0,22,1106.53,1,0
16834.0,228,1,413.46,1,1,4,413.46,228,1
16835.0,128,2,180.85,0,1,8,180.85,128,1
16836.0,40,2,251.87,0,1,13,251.87,40,0
16837.0,31,11,3170.98,0,0,27,3170.98,31,0
16838.0,197,2,588.85,1,1,2,588.85,197,1
16839.0,9,34,16594.35,3,2,27,16594.35,9,0
16841.0,37,6,1869.82,0,0,23,1869.82,37,0
16842.0,101,3,1264.19,0,0,20,1264.19,101,1
16843.0,43,16,10196.57,3,3,27,10196.57,43,0
16846.0,50,1,214.32,0,1,1,214.32,50,0
16847.0,43,1,193.44,0,1,7,193.44,43,0
16848.0,53,1,281.42,0,1,1,281.42,53,0
16849.0,187,1,124.57,1,1,4,124.57,187,1
16850.0,334,1,332.41,1,1,2,332.41,334,1
16851.0,4,3,342.45,0,0,20,342.45,4,0
16852.0,10,2,144.91,0,1,12,144.91,10,0
16855.0,24,2,328.4,0,1,13,328.4,24,0
16856.0,15,1,35.400000000000006,0,1,19,35.400000000000006,15,0
16858.0,369,1,375.69000000000005,1,1,0,375.69000000000005,369,1
16859.0,145,2,747.81,1,1,8,747.81,145,1
16861.0,60,2,173.76,0,1,13,173.76,60,0
16863.0,31,2,502.8,0,1,13,502.8,31,0
16866.0,141,3,207.74,0,1,21,207.74,141,1
16869.0,23,4,825.4200000000001,0,0,22,825.4200000000001,23,0
16871.0,22,6,2812.34,0,0,23,2812.34,22,0
16872.0,77,3,680.02,0,0,20,680.02,77,0
16873.0,5,6,7123.62,0,3,26,7123.62,5,0
16875.0,67,5,2095.53,0,0,21,2095.53,67,0
16877.0,12,6,853.72,0,0,23,853.72,12,0
16878.0,84,1,13.3,0,1,1,13.3,84,0
16880.0,31,7,1519.08,0,0,24,1519.08,31,0
16881.0,67,1,432.0,0,1,1,432.0,67,0
16882.0,67,3,705.12,0,0,20,705.12,67,0
16883.0,187,2,276.73,1,1,2,276.73,187,1
16884.0,38,2,429.84,0,1,13,429.84,38,0
16885.0,15,3,471.51,0,0,20,471.51,15,0
16887.0,35,1,194.88,0,1,16,194.88,35,0
16889.0,195,3,1578.67,1,3,21,1578.67,195,1
16891.0,2,5,809.7,0,0,6,809.7,2,0
16892.0,1,5,525.54,0,0,6,525.54,1,0
16893.0,367,1,145.93,1,1,0,145.93,367,1
16895.0,65,1,219.14,0,1,1,219.14,65,0
16897.0,299,2,289.78,1,1,2,289.78,299,1
16898.0,26,3,508.81,0,0,20,508.81,26,0
16899.0,8,6,1281.56,0,0,23,1281.56,8,0
16900.0,17,3,887.11,0,0,20,887.11,17,0
16902.0,116,1,1706.88,0,0,1,1706.88,116,1
16903.0,29,1,373.24,0,1,16,373.24,29,0
16904.0,4,16,3754.27,3,3,27,3754.27,4,0
16905.0,5,7,3102.43,0,0,24,3102.43,5,0
16906.0,82,4,579.77,0,0,22,579.77,82,0
16907.0,29,5,981.65,0,0,6,981.65,29,0
16909.0,72,1,379.14,0,1,1,379.14,72,0
16910.0,4,8,1510.06,0,0,17,1510.06,4,0
16912.0,29,11,2575.38,0,0,27,2575.38,29,0
16913.0,290,1,113.44,1,1,3,113.44,290,1
16914.0,36,1,208.46,0,1,16,208.46,36,0
16915.0,9,6,621.6800000000001,0,0,23,621.6800000000001,9,0
16916.0,24,2,576.26,0,1,13,576.26,24,0
16917.0,277,1,391.52,1,1,5,391.52,277,1
16918.0,50,6,1068.82,0,0,21,1068.82,50,0
16919.0,156,11,2596.45,0,3,-1,2596.45,156,1
16921.0,61,1,169.79,0,1,1,169.79,61,0
16923.0,12,19,7247.61,3,3,27,7247.61,12,0
16924.0,21,3,846.75,0,0,20,846.75,21,0
16926.0,371,1,230.25,1,1,0,230.25,371,1
16927.0,116,3,543.05,0,1,21,543.05,116,1
16928.0,80,17,2847.6,3,3,27,2847.6,80,0
16929.0,4,7,1295.39,0,0,24,1295.39,4,0
16930.0,26,3,380.55,0,0,20,380.55,26,0
16931.0,5,21,4604.22,3,3,27,4604.22,5,0
16932.0,53,1,161.94,0,1,1,161.94,53,0
16933.0,1,2,563.23,0,1,12,563.23,1,0
16934.0,55,2,950.93,0,0,13,950.9300000000001,55,0
16936.0,26,1,262.68,0,1,19,262.68,26,0
16938.0,9,4,2736.38,0,0,22,2736.38,9,0
16940.0,52,3,3049.88,0,0,-1,3049.88,52,0
16942.0,13,9,1920.59,0,0,25,1920.59,13,0
16943.0,212,3,816.73,1,1,2,816.73,212,1
16945.0,22,19,4345.5,3,3,27,4345.5,22,0
16947.0,236,1,406.48,1,1,10,406.48,236,1
16948.0,139,3,435.02,0,1,21,435.02,139,1
16949.0,4,6,1286.27,0,0,23,1286.27,4,0
16950.0,57,3,1178.56,0,0,20,1178.56,57,0
16951.0,135,3,1277.75,0,3,21,1277.75,135,1
16952.0,109,2,167.61,0,1,8,167.61,109,1
16953.0,30,1,20.8,0,1,16,20.8,30,0
16954.0,1,9,2085.08,0,0,25,2085.08,1,0
16955.0,185,4,518.67,1,3,21,518.67,185,1
16956.0,18,1,308.74,0,1,19,308.74,18,0
16957.0,239,2,416.64,1,1,2,416.64,239,1
16959.0,87,1,117.35,0,1,1,117.35000000000001,87,0
16960.0,39,3,507.05,0,0,20,507.05,39,0
16961.0,116,1,234.17,0,1,1,234.17000000000002,116,1
16963.0,187,1,110.55,1,1,4,110.55000000000001,187,1
16965.0,227,1,201.19,1,1,4,201.19,227,1
16966.0,8,7,2154.97,0,0,24,2154.97,8,0
16967.0,189,1,319.02,1,1,4,319.02,189,1
16968.0,4,2,439.43,0,1,12,439.43,4,0
16969.0,39,3,650.41,0,0,20,650.41,39,0
16971.0,38,1,357.21,0,1,16,357.21,38,0
16976.0,267,1,251.52,1,1,15,251.51999999999998,267,1
16978.0,78,1,344.33,0,1,1,344.33,78,0
16979.0,4,6,1852.0,0,0,23,1852.0,4,0
16980.0,255,2,1078.96,1,1,2,1078.96,255,1
16982.0,61,1,384.06,0,1,1,384.06,61,0
16983.0,13,7,1931.25,0,0,24,1931.25,13,0
16984.0,88,2,4481.35,0,3,-1,4481.35,88,0
16985.0,17,10,5464.12,0,3,27,5464.12,17,0
16986.0,30,2,1873.2,0,0,13,1873.2,30,0
16987.0,3,7,1625.05,0,0,24,1625.05,3,0
16988.0,5,1,126.12,0,1,11,126.12,5,0
16989.0,7,6,1133.25,0,0,23,1133.25,7,0
16990.0,219,1,179.0,1,1,4,179.0,219,1
16992.0,11,5,1614.31,0,0,6,1614.31,11,0
16996.0,30,6,1456.96,0,0,23,1456.96,30,0
16997.0,288,3,702.0,1,1,2,702.0,288,1
16998.0,150,4,295.0,1,3,21,295.0,150,1
16999.0,23,2,484.82,0,1,13,484.82,23,0
17001.0,1,11,3989.57,0,0,27,3989.57,1,0
17002.0,86,3,1493.73,0,0,20,1493.73,86,0
17004.0,46,2,1412.94,0,0,13,1412.94,46,0
17006.0,5,4,781.78,0,0,22,781.78,5,0
17007.0,51,6,889.9300000000001,0,0,21,889.9300000000001,51,0
17010.0,18,1,195.36,0,1,19,195.36,18,0
17011.0,30,1,270.9,0,1,16,270.9,30,0
17014.0,8,3,586.33,0,0,20,586.33,8,0
17015.0,29,3,1842.56,0,0,20,1842.56,29,0
17017.0,3,20,8694.26,3,3,27,8694.26,3,0
17018.0,41,2,920.1,0,0,13,920.1,41,0
17019.0,11,4,1272.61,0,0,22,1272.61,11,0
17022.0,31,1,71.0,0,1,16,71.0,31,0
17024.0,45,3,95.85,0,0,20,95.85,45,0
17025.0,61,3,357.77,0,0,20,357.77,61,0
17026.0,185,2,154.83,1,1,2,154.83,185,1
17027.0,79,6,890.29,0,0,21,890.29,79,0
17029.0,111,2,716.0,0,1,8,716.0,111,1
17030.0,64,1,146.87,0,1,1,146.87,64,0
17031.0,12,2,380.35,0,1,12,380.35,12,0
17033.0,86,3,1030.14,0,0,20,1030.14,86,0
17034.0,16,3,745.52,0,0,20,745.52,16,0
17035.0,246,2,433.53,1,1,2,433.53000000000003,246,1
17037.0,88,1,1267.32,0,0,1,1267.32,88,0
17038.0,30,1,112.4,0,1,16,112.4,30,0
17040.0,138,1,449.73,0,1,1,449.73,138,1
17041.0,27,3,1081.57,0,0,20,1081.57,27,0
17042.0,3,5,1044.38,0,0,6,1044.3799999999999,3,0
17043.0,32,4,1735.18,0,0,22,1735.18,32,0
17044.0,25,1,948.48,0,0,19,948.48,25,0
17045.0,113,3,339.44,0,1,21,339.44,113,1
17046.0,157,1,642.02,1,1,1,642.02,157,1
17047.0,85,3,1100.9,0,0,20,1100.9,85,0
17048.0,118,3,925.35,0,1,21,925.35,118,1
17049.0,3,9,5659.9800000000005,0,3,-1,5659.9800000000005,3,0
17050.0,96,6,3228.84,0,0,21,3228.84,96,1
17051.0,194,1,247.14,1,1,4,247.14000000000001,194,1
17052.0,28,1,413.75,0,1,16,413.75,28,0
17053.0,131,1,498.48,0,1,1,498.48,131,1
17054.0,28,5,1356.33,0,0,6,1356.33,28,0
17058.0,82,3,1179.89,0,0,20,1179.89,82,0
17059.0,30,5,3095.04,0,0,6,3095.04,30,0
17060.0,266,1,234.24,1,1,15,234.24,266,1
17061.0,74,11,5232.2300000000005,0,3,27,5232.2300000000005,74,0
17062.0,314,4,538.37,1,3,2,538.37,314,1
17063.0,21,7,1461.14,0,0,24,1461.14,21,0
17064.0,59,3,859.35,0,0,20,859.35,59,0
17068.0,12,21,4552.14,3,3,27,4552.14,12,0
17069.0,28,9,2709.7000000000003,0,0,-1,2709.7000000000003,28,0
17070.0,114,1,312.14,0,1,1,312.14,114,1
17071.0,28,9,2429.03,0,0,24,2429.03,28,0
17073.0,18,4,1446.09,0,0,22,1446.09,18,0
17075.0,18,4,834.12,0,0,22,834.12,18,0
17076.0,36,3,841.0799999999999,0,0,20,841.0799999999999,36,0
17078.0,36,2,378.2,0,1,13,378.2,36,0
17079.0,78,1,118.8,0,1,1,118.80000000000001,78,0
17080.0,22,2,287.62,0,1,13,287.62,22,0
17081.0,25,2,290.16,0,1,13,290.16,25,0
17082.0,33,2,2003.85,0,0,13,2003.85,33,0
17083.0,109,3,1405.78,0,0,21,1405.78,109,1
17084.0,35,2,2949.75,0,0,13,2949.75,35,0
17085.0,123,5,1566.65,0,3,21,1566.65,123,1
17086.0,7,6,2050.08,0,0,23,2050.08,7,0
17088.0,28,4,1991.01,0,0,22,1991.01,28,0
17090.0,4,7,2043.95,0,0,24,2043.95,4,0
17091.0,3,9,3827.76,0,0,25,3827.76,3,0
17092.0,50,4,1777.78,0,0,22,1777.78,50,0
17094.0,322,1,302.0,1,1,3,302.0,322,1
17095.0,23,3,1324.16,0,0,20,1324.16,23,0
17096.0,15,4,1022.13,0,0,22,1022.13,15,0
17097.0,2,8,954.42,0,0,17,954.42,2,0
17100.0,18,2,971.74,0,0,13,971.74,18,0
17101.0,10,4,1621.73,0,0,22,1621.73,10,0
17102.0,262,1,25.5,1,1,15,25.5,262,1
17105.0,159,2,665.78,1,1,8,665.78,159,1
17107.0,33,6,10815.43,0,3,-1,10815.43,33,0
17109.0,29,6,885.04,0,0,23,885.04,29,0
17110.0,165,1,163.29999999999998,1,1,1,163.29999999999998,165,1
17111.0,47,1,248.61,0,1,7,248.61,47,0
17114.0,6,8,808.62,0,0,17,808.62,6,0
17115.0,8,3,837.5,0,0,20,837.5,8,0
17117.0,288,1,116.2,1,1,3,116.19999999999999,288,1
17118.0,318,1,157.02,1,1,3,157.02,318,1
17119.0,3,2,606.91,0,1,12,606.91,3,0
17120.0,233,1,307.46,1,1,10,307.46,233,1
17122.0,119,1,138.32,0,1,1,138.32,119,1
17123.0,162,1,345.3,1,1,1,345.3,162,1
17124.0,185,1,298.89,1,1,4,298.89,185,1
17125.0,50,1,259.35,0,1,1,259.35,50,0
17126.0,152,5,1004.75,1,3,21,1004.75,152,1
17128.0,335,1,157.09,1,1,2,157.09,335,1
17131.0,5,5,2463.17,0,0,6,2463.17,5,0
17133.0,16,7,4892.240000000001,0,3,26,4892.240000000001,16,0
17134.0,107,2,425.0,0,1,8,425.0,107,1
17135.0,16,7,1139.73,0,0,24,1139.73,16,0
17138.0,276,1,380.5,1,1,5,380.5,276,1
17139.0,16,12,10668.47,3,3,-1,10668.47,16,0
17140.0,247,1,465.32,1,1,9,465.32,247,1
17142.0,239,1,579.0,1,1,10,579.0,239,1
17144.0,1,2,984.57,0,0,12,984.57,1,0
17146.0,106,3,749.78,0,1,21,749.78,106,1
17147.0,23,4,1714.59,0,0,22,1714.59,23,0
17148.0,52,1,124.88,0,1,1,124.88,52,0
17152.0,195,3,1689.5,1,3,21,1689.5,195,1
17153.0,24,1,213.78,0,1,19,213.78,24,0
17154.0,75,1,329.34,0,1,1,329.34,75,0
17155.0,18,2,251.7,0,1,13,251.7,18,0
17157.0,8,2,319.0,0,1,12,319.0,8,0
17158.0,32,3,1266.97,0,0,20,1266.97,32,0
17159.0,22,3,1538.88,0,0,20,1538.88,22,0
17160.0,31,6,3518.03,0,0,23,3518.03,31,0
17162.0,29,10,1715.46,0,0,27,1715.46,29,0
17163.0,22,2,293.1,0,1,13,293.1,22,0
17164.0,33,7,2467.35,0,0,24,2467.35,33,0
17165.0,284,1,158.68,1,1,3,158.68,284,1
17166.0,39,2,206.34,0,1,13,206.34,39,0
17169.0,58,2,835.78,0,0,13,835.78,58,0
17171.0,289,1,224.91,1,1,3,224.91,289,1
17172.0,79,1,317.76,0,1,1,317.76,79,0
17173.0,5,8,3766.6,0,0,17,3766.6,5,0
17174.0,218,1,59.9,1,1,4,59.9,218,1
17175.0,44,4,1443.69,0,0,22,1443.69,44,0
17176.0,202,1,306.13,1,1,4,306.13,202,1
17179.0,178,3,711.79,1,1,21,711.79,178,1
17180.0,56,4,796.03,0,0,22,796.03,56,0
17181.0,57,2,239.92,0,1,13,239.92000000000002,57,0
17183.0,8,6,3347.31,0,0,23,3347.31,8,0
17186.0,47,2,144.0,0,1,13,144.0,47,0
17187.0,227,1,203.95,1,1,4,203.95,227,1
17188.0,11,7,2474.23,0,0,24,2474.23,11,0
17189.0,106,2,384.4,0,1,8,384.4,106,1
17190.0,59,2,444.74,0,1,13,444.74,59,0
17191.0,28,7,2095.13,0,0,24,2095.13,28,0
17193.0,36,7,1699.3,0,0,24,1699.3,36,0
17194.0,274,2,262.62,1,1,2,262.62,274,1
17197.0,30,1,1013.01,0,0,16,1013.01,30,0
17198.0,24,3,692.22,0,0,20,692.22,24,0
17201.0,54,1,342.63,0,1,1,342.63,54,0
17203.0,36,6,3563.85,0,0,23,3563.85,36,0
17204.0,175,4,1564.56,1,3,21,1564.56,175,1
17205.0,54,1,384.08,0,1,1,384.08,54,0
17206.0,53,1,204.24,0,1,1,204.24,53,0
17211.0,27,8,2317.2200000000003,0,0,17,2317.2200000000003,27,0
17212.0,253,1,226.85,1,1,14,226.85,253,1
17213.0,40,7,2781.23,0,0,24,2781.23,40,0
17214.0,60,6,1069.12,0,0,21,1069.1200000000001,60,0
17217.0,234,1,113.5,1,1,10,113.5,234,1
17218.0,4,10,1960.72,0,0,27,1960.72,4,0
17219.0,32,1,114.23,0,1,16,114.23,32,0
17220.0,24,14,3198.25,0,3,27,3198.25,24,0
17221.0,7,2,335.13,0,1,12,335.13,7,0
17222.0,65,1,354.15,0,1,1,354.15,65,0
17223.0,310,2,426.79,1,1,2,426.79,310,1
17226.0,309,1,393.49,1,1,3,393.49,309,1
17227.0,19,6,939.32,0,0,23,939.32,19,0
17228.0,16,8,1906.09,0,0,17,1906.09,16,0
17229.0,96,2,318.76,0,1,13,318.76,96,1
17230.0,264,8,3638.41,1,3,2,3638.41,264,1
17231.0,12,10,3174.32,0,0,27,3174.32,12,0
17232.0,3,2,421.52,0,1,12,421.52,3,0
17233.0,35,1,190.88,0,1,16,190.88,35,0
17234.0,183,1,149.89,1,1,4,149.89,183,1
17235.0,25,2,550.06,0,1,13,550.06,25,0
17236.0,13,6,916.13,0,0,23,916.13,13,0
17237.0,11,2,314.69,0,1,12,314.69,11,0
17238.0,3,17,3744.65,3,3,27,3744.65,3,0
17239.0,313,1,382.5,1,1,3,382.5,313,1
17242.0,108,2,1135.04,0,0,8,1135.04,108,1
17243.0,1,26,8676.85,3,2,27,8676.85,1,0
17244.0,53,1,954.9,0,0,1,954.9,53,0
17245.0,205,1,171.45,1,1,4,171.45,205,1
17247.0,15,1,282.19,0,1,19,282.19,15,0
17248.0,120,1,318.65,0,1,1,318.65,120,1
17250.0,4,2,384.52,0,1,12,384.52,4,0
17251.0,363,1,283.28000000000003,1,1,0,283.28000000000003,363,1
17252.0,117,2,353.86,0,1,8,353.86,117,1
17253.0,18,1,178.26,0,1,19,178.26,18,0
17254.0,5,2,272.44,0,1,12,272.44,5,0
17255.0,41,2,298.41,0,1,13,298.41,41,0
17256.0,107,2,240.0,0,1,8,240.0,107,1
17259.0,148,2,603.37,1,1,8,603.37,148,1
17262.0,52,5,1253.36,0,0,21,1253.3600000000001,52,0
17263.0,208,1,63.440000000000005,1,1,4,63.440000000000005,208,1
17265.0,139,2,562.9,0,1,8,562.9,139,1
17266.0,2,3,310.64,0,0,20,310.64,2,0
17267.0,127,2,317.62,0,1,8,317.62,127,1
17268.0,108,4,763.64,0,0,21,763.64,108,1
17272.0,42,4,2148.63,0,0,22,2148.63,42,0
17274.0,35,1,111.98,0,1,16,111.98,35,0
17277.0,228,2,1065.35,1,1,2,1065.3500000000001,228,1
17278.0,241,1,246.04,1,1,10,246.04,241,1
17279.0,58,1,187.83,0,1,1,187.82999999999998,58,0
17282.0,130,3,1703.41,0,3,21,1703.41,130,1
17284.0,60,6,1652.58,0,0,21,1652.58,60,0
17286.0,22,1,153.92,0,1,19,153.92,22,0
17287.0,26,7,1064.11,0,0,24,1064.11,26,0
17288.0,9,7,1419.73,0,0,24,1419.73,9,0
17289.0,32,3,944.41,0,0,20,944.41,32,0
17290.0,4,2,525.24,0,1,12,525.24,4,0
17291.0,308,1,550.8000000000001,1,1,3,550.8000000000001,308,1
17293.0,8,9,1875.11,0,0,25,1875.11,8,0
17295.0,29,3,556.95,0,0,20,556.95,29,0
17297.0,17,1,131.78,0,1,19,131.78,17,0
17298.0,101,2,498.42,0,1,13,498.42,101,1
17299.0,12,4,669.11,0,0,22,669.11,12,0
17301.0,21,1,197.63,0,1,19,197.63,21,0
17302.0,15,5,1135.63,0,0,6,1135.63,15,0
17303.0,361,1,250.04,1,1,0,250.04,361,1
17306.0,11,19,8631.31,3,3,27,8631.31,11,0
17309.0,95,1,82.75,0,1,1,82.75,95,1
17311.0,78,2,1384.85,0,0,13,1384.85,78,0
17312.0,139,3,644.3,0,1,21,644.3,139,1
17313.0,31,1,2328.84,0,0,16,2328.84,31,0
17314.0,25,8,2527.92,0,0,17,2527.92,25,0
17315.0,2,38,6292.26,3,2,27,6292.26,2,0
17317.0,46,3,2600.34,0,0,-1,2600.34,46,0
17320.0,100,3,1200.62,0,0,20,1200.6200000000001,100,1
17321.0,8,2,700.86,0,1,12,700.86,8,0
17323.0,15,7,921.07,0,0,24,921.0699999999999,15,0
17324.0,18,4,990.23,0,0,22,990.23,18,0
17325.0,280,1,96.8,1,1,3,96.8,280,1
17329.0,14,2,523.11,0,1,13,523.11,14,0
17330.0,23,2,363.9,0,1,13,363.9,23,0
17331.0,124,1,175.2,0,1,1,175.2,124,1
17333.0,86,1,494.25,0,1,1,494.25,86,0
17334.0,302,2,307.02,1,1,2,307.02,302,1
17337.0,151,4,2027.87,1,3,21,2027.8700000000001,151,1
17338.0,17,8,6643.93,0,3,26,6643.93,17,0
17339.0,94,2,243.36,0,1,13,243.36,94,1
17340.0,30,11,12353.29,3,3,-1,12353.29,30,0
17341.0,157,3,781.36,1,1,21,781.36,157,1
17343.0,355,1,193.64,1,1,0,193.64,355,1
17344.0,46,1,160.57,0,1,7,160.57,46,0
17345.0,15,4,537.74,0,0,22,537.74,15,0
17346.0,4,15,2676.56,3,3,27,2676.56,4,0
17347.0,86,1,228.96,0,1,1,228.96,86,0
17348.0,15,5,1159.52,0,0,6,1159.52,15,0
17349.0,179,1,110.75,1,1,4,110.75,179,1
17350.0,8,4,1286.07,0,0,22,1286.07,8,0
17351.0,36,3,587.15,0,0,20,587.15,36,0
17353.0,129,2,1740.0,0,3,8,1740.0,129,1
17354.0,51,1,1393.06,0,0,1,1393.06,51,0
17356.0,312,1,178.22,1,1,3,178.22,312,1
17357.0,24,2,388.14,0,1,13,388.14,24,0
17358.0,303,2,365.85,1,1,2,365.85,303,1
17359.0,11,1,127.86,0,1,18,127.86,11,0
17360.0,17,3,585.79,0,0,20,585.79,17,0
17361.0,49,3,488.2,0,0,20,488.2,49,0
17362.0,239,2,312.23,1,1,2,312.23,239,1
17364.0,1,11,4481.18,0,0,27,4481.18,1,0
17365.0,13,8,4801.56,0,3,17,4801.56,13,0
17367.0,238,1,168.4,1,1,10,168.4,238,1
17368.0,23,8,1912.67,0,0,17,1912.67,23,0
17370.0,73,4,446.18,0,0,22,446.18,73,0
17371.0,17,3,423.89,0,0,20,423.89,17,0
17372.0,41,8,1342.68,0,0,24,1342.68,41,0
17373.0,40,4,646.92,0,0,22,646.92,40,0
17374.0,219,2,495.77,1,1,2,495.77,219,1
17375.0,199,3,400.1,1,1,21,400.1,199,1
17376.0,71,2,203.2,0,1,13,203.2,71,0
17377.0,24,20,4100.92,3,3,27,4100.92,24,0
17379.0,11,1,404.66,0,1,18,404.66,11,0
17381.0,9,29,20275.61,3,2,27,20275.61,9,0
17382.0,65,1,65.4,0,1,1,65.4,65,0
17383.0,4,1,199.29,0,1,11,199.29,4,0
17384.0,19,2,336.4,0,1,13,336.4,19,0
17385.0,15,1,261.11,0,1,19,261.11,15,0
17386.0,8,6,2686.42,0,0,23,2686.42,8,0
17387.0,20,2,784.11,0,1,13,784.11,20,0
17388.0,78,4,1259.56,0,0,22,1259.56,78,0
17389.0,1,34,31833.68,3,2,27,31833.68,1,0
17391.0,164,2,508.8,1,1,8,508.8,164,1
17392.0,307,2,457.91,1,1,2,457.91,307,1
17394.0,219,1,203.87,1,1,4,203.86999999999998,219,1
17396.0,39,8,7330.8,0,3,26,7330.8,39,0
17397.0,22,2,696.41,0,1,13,696.41,22,0
17398.0,115,3,653.38,0,1,21,653.38,115,1
17400.0,126,5,2129.96,0,3,21,2129.96,126,1
17402.0,5,13,2633.85,0,3,27,2633.85,5,0
17403.0,36,1,281.62,0,1,16,281.62,36,0
17404.0,4,15,31906.82,3,2,-1,31906.82,4,0
17405.0,1,3,1031.41,0,0,20,1031.41,1,0
17406.0,333,3,2200.42,1,3,2,2200.42,333,1
17408.0,163,1,32.65,1,1,1,32.65,163,1
17409.0,185,2,771.85,1,1,2,771.85,185,1
17410.0,16,5,1214.72,0,0,6,1214.72,16,0
17411.0,12,3,778.94,0,0,20,778.94,12,0
17412.0,3,7,1258.06,0,0,24,1258.06,3,0
17414.0,44,2,778.0,0,1,13,778.0,44,0
17415.0,80,1,507.84,0,1,1,507.84,80,0
17416.0,30,7,6893.42,0,3,26,6893.42,30,0
17418.0,42,2,463.46,0,1,13,463.46000000000004,42,0
17419.0,11,12,4226.57,0,0,27,4226.57,11,0
17420.0,50,3,598.83,0,0,20,598.83,50,0
17422.0,16,6,1979.37,0,0,23,1979.37,16,0
17423.0,46,2,698.41,0,1,13,698.41,46,0
17425.0,19,2,759.17,0,1,13,759.17,19,0
17426.0,8,6,5037.26,0,3,-1,5037.26,8,0
17427.0,72,1,100.8,0,1,1,100.8,72,0
17428.0,1,28,17256.85,3,2,27,17256.85,1,0
17429.0,128,3,524.9200000000001,0,1,21,524.9200000000001,128,1
17430.0,33,2,265.76,0,1,13,265.76,33,0
17431.0,313,1,403.3,1,1,3,403.3,313,1
17432.0,18,2,365.76,0,1,13,365.76,18,0
17433.0,88,1,303.15999999999997,0,1,1,303.15999999999997,88,0
17434.0,2,7,2373.82,0,0,24,2373.82,2,0
17436.0,2,2,216.3,0,1,12,216.3,2,0
17438.0,254,1,388.4500000000001,1,1,14,388.45000000000005,254,1
17440.0,157,3,186.42,1,1,21,186.42000000000002,157,1
17442.0,37,6,2248.56,0,0,23,2248.56,37,0
17443.0,220,1,534.24,1,1,4,534.24,220,1
17444.0,148,3,2940.04,1,3,21,2940.04,148,1
17446.0,177,2,120.9,1,1,8,120.89999999999999,177,1
17447.0,40,2,541.53,0,1,13,541.53,40,0
17449.0,2,7,2520.86,0,0,24,2520.86,2,0
17450.0,8,46,194550.79,2,2,27,194550.79,8,0
17451.0,1,7,1721.4,0,0,24,1721.4,1,0
17453.0,18,2,486.72,0,1,13,486.71999999999997,18,0
17454.0,192,4,517.53,1,3,21,517.53,192,1
17455.0,204,1,131.7,1,1,4,131.7,204,1
17456.0,365,1,249.86,1,1,0,249.86,365,1
17457.0,127,5,1737.7,0,3,21,1737.7,127,1
17458.0,15,1,316.5,0,1,19,316.5,15,0
17459.0,43,2,657.3,0,1,13,657.3,43,0
17460.0,94,6,622.4300000000001,0,0,21,622.4300000000001,94,1
17461.0,23,3,757.46,0,0,20,757.46,23,0
17462.0,60,2,675.69,0,1,13,675.69,60,0
17463.0,16,5,1896.41,0,0,6,1896.41,16,0
17464.0,158,1,289.96000000000004,1,1,1,289.96000000000004,158,1
17466.0,10,2,763.28,0,1,12,763.28,10,0
17468.0,10,2,137.0,0,1,12,137.0,10,0
17469.0,16,5,1870.97,0,0,6,1870.97,16,0
17470.0,45,5,1125.07,0,0,6,1125.07,45,0
17472.0,191,3,710.29,1,1,21,710.29,191,1
17475.0,79,1,194.37,0,1,1,194.37,79,0
17480.0,78,1,511.82,0,1,1,511.82,78,0
17481.0,4,4,1255.59,0,0,22,1255.59,4,0
17483.0,65,3,414.04,0,0,20,414.04,65,0
17486.0,261,1,396.87,1,1,15,396.87,261,1
17489.0,59,2,376.64,0,1,13,376.64,59,0
17490.0,1,7,2092.32,0,0,24,2092.32,1,0
17491.0,1,10,3558.87,0,0,27,3558.87,1,0
17492.0,248,1,374.57,1,1,9,374.57,248,1
17495.0,8,2,497.56,0,1,12,497.56,8,0
17496.0,359,1,271.05,1,1,0,271.05,359,1
17498.0,76,1,272.21999999999997,0,1,1,272.21999999999997,76,0
17499.0,290,1,622.88,1,1,3,622.88,290,1
17500.0,17,3,1138.0,0,0,20,1138.0,17,0
17501.0,221,2,288.6,1,1,2,288.6,221,1
17502.0,9,4,689.1,0,0,22,689.1,9,0
17503.0,3,2,558.96,0,1,12,558.96,3,0
17504.0,206,9,2997.03,1,3,21,2997.03,206,1
17505.0,162,2,1145.84,1,1,8,1145.84,162,1
17506.0,76,1,302.2,0,1,1,302.2,76,0
17507.0,262,2,605.58,1,1,2,605.58,262,1
17508.0,281,1,387.31,1,1,3,387.31,281,1
17509.0,58,8,6115.14,0,3,21,6115.14,58,0
17510.0,25,1,308.48,0,1,19,308.48,25,0
17511.0,3,31,91062.38,2,2,27,91062.38,3,0
17512.0,29,10,2924.99,0,0,27,2924.9900000000002,29,0
17513.0,72,1,513.2,0,1,1,513.2,72,0
17514.0,128,1,208.65,0,1,1,208.65,128,1
17515.0,31,4,639.02,0,0,22,639.02,31,0
17516.0,15,5,768.08,0,0,6,768.08,15,0
17517.0,309,1,153.94,1,1,3,153.94,309,1
17519.0,17,6,1844.02,0,0,23,1844.02,17,0
17520.0,54,1,546.81,0,1,1,546.81,54,0
17521.0,30,3,723.2099999999999,0,0,20,723.2099999999999,30,0
17522.0,2,5,1070.71,0,0,6,1070.71,2,0
17523.0,11,4,652.74,0,0,22,652.74,11,0
17524.0,361,1,145.0,1,1,0,145.0,361,1
17525.0,360,1,422.7,1,1,0,422.7,360,1
17526.0,5,4,1195.9,0,0,22,1195.8999999999999,5,0
17527.0,54,4,939.37,0,0,22,939.37,54,0
17528.0,1,8,3628.5,0,0,17,3628.5,1,0
17530.0,1,10,2385.0,0,0,27,2385.0,1,0
17531.0,190,1,296.7,1,1,4,296.7,190,1
17534.0,54,1,223.36,0,1,1,223.36,54,0
17535.0,280,1,164.4,1,1,3,164.4,280,1
17536.0,177,1,76.5,1,1,4,76.5,177,1
17537.0,30,2,897.62,0,0,13,897.62,30,0
17538.0,26,1,98.42,0,1,19,98.42,26,0
17540.0,25,2,578.9,0,1,13,578.9,25,0
17542.0,270,1,170.75,1,1,15,170.75,270,1
17545.0,43,3,645.96,0,0,20,645.96,43,0
17548.0,234,1,103.3,1,1,10,103.3,234,1
17549.0,24,2,148.86,0,1,13,148.86,24,0
17550.0,197,3,267.16,1,1,21,267.16,197,1
17551.0,359,1,306.84,1,1,0,306.84,359,1
17552.0,60,4,930.41,0,0,22,930.41,60,0
17553.0,130,1,1487.6,0,3,1,1487.6,130,1
17554.0,1,5,1952.45,0,0,6,1952.45,1,0
17555.0,20,2,483.26,0,1,13,483.26,20,0
17556.0,206,1,157.9,1,1,4,157.9,206,1
17557.0,14,3,541.46,0,0,20,541.46,14,0
17560.0,95,4,854.95,0,0,-1,854.95,95,1
17561.0,19,1,167.62,0,1,19,167.62,19,0
17562.0,14,7,1122.38,0,0,24,1122.38,14,0
17564.0,24,3,454.01,0,0,20,454.01,24,0
17566.0,8,2,901.21,0,0,12,901.21,8,0
17567.0,7,8,4331.48,0,0,17,4331.48,7,0
17569.0,332,1,344.14,1,1,2,344.14,332,1
17571.0,50,4,1498.51,0,0,22,1498.51,50,0
17572.0,71,4,226.75000000000003,0,0,22,226.75000000000003,71,0
17573.0,29,3,380.6,0,0,20,380.6,29,0
17574.0,243,1,185.65,1,1,10,185.65,243,1
17576.0,8,19,3622.68,3,3,27,3622.68,8,0
17578.0,218,1,143.45999999999998,1,1,4,143.45999999999998,218,1
17579.0,5,3,448.9,0,0,20,448.90000000000003,5,0
17580.0,253,3,215.72,1,1,2,215.72,253,1
17581.0,1,25,11045.04,3,3,27,11045.04,1,0
17582.0,236,1,175.27,1,1,10,175.27,236,1
17584.0,7,2,1242.3,0,0,12,1242.3,7,0
17585.0,109,4,1133.07,0,0,21,1133.07,109,1
17588.0,100,3,1240.2,0,0,20,1240.2,100,1
17589.0,60,4,2404.17,0,0,22,2404.17,60,0
17590.0,2,3,1479.22,0,0,20,1479.22,2,0
17591.0,73,7,2225.9700000000003,0,0,21,2225.9700000000003,73,0
17593.0,4,5,3927.34,0,0,22,3927.34,4,0
17594.0,85,2,993.18,0,0,13,993.1800000000001,85,0
17595.0,12,2,388.79,0,1,12,388.79,12,0
17596.0,23,7,2827.93,0,0,24,2827.93,23,0
17597.0,214,1,2044.37,1,3,4,2044.3700000000001,214,1
17600.0,18,1,161.67000000000002,0,1,19,161.67000000000002,18,0
17601.0,239,1,116.01,1,1,10,116.00999999999999,239,1
17602.0,2,6,5102.97,0,3,-1,5102.97,2,0
17603.0,78,1,394.72,0,1,1,394.72,78,0
17604.0,217,2,309.36,1,1,2,309.36,217,1
17608.0,33,2,193.42,0,1,13,193.42,33,0
17609.0,41,5,1112.22,0,0,6,1112.22,41,0
17611.0,7,15,3984.22,3,3,27,3984.22,7,0
17612.0,53,6,2048.45,0,0,21,2048.45,53,0
17613.0,23,14,4559.15,0,3,27,4559.15,23,0
17614.0,57,1,390.07,0,1,1,390.07,57,0
17615.0,130,3,329.6,0,1,21,329.6,130,1
17616.0,174,3,571.1999999999999,1,1,21,571.1999999999999,174,1
17618.0,6,3,971.58,0,0,20,971.58,6,0
17619.0,312,1,218.52,1,1,3,218.52,312,1
17620.0,60,1,81.44,0,1,1,81.44,60,0
17621.0,21,3,1379.9,0,0,20,1379.9,21,0
17623.0,33,1,527.05,0,1,16,527.05,33,0
17624.0,15,2,843.48,0,0,13,843.48,15,0
17625.0,18,4,2047.0,0,0,22,2047.0,18,0
17628.0,81,1,75.75,0,1,1,75.75,81,0
17629.0,6,8,1814.12,0,0,17,1814.12,6,0
17630.0,170,2,503.6,1,1,8,503.59999999999997,170,1
17631.0,2,3,528.33,0,0,20,528.33,2,0
17633.0,31,4,1324.84,0,0,22,1324.84,31,0
17634.0,36,9,2361.97,0,0,-1,2361.97,36,0
17636.0,19,1,285.56,0,1,19,285.56,19,0
17637.0,31,2,547.0600000000001,0,1,13,547.0600000000001,31,0
17639.0,276,1,108.5,1,1,5,108.5,276,1
17640.0,87,1,621.66,0,1,1,621.66,87,0
17642.0,120,2,712.29,0,1,8,712.29,120,1
17643.0,373,1,101.55,1,1,0,101.55,373,1
17644.0,1,11,2895.64,0,0,27,2895.64,1,0
17646.0,219,3,1008.39,1,1,2,1008.39,219,1
17647.0,65,1,133.06,0,1,1,133.06,65,0
17648.0,61,4,1797.5,0,0,22,1797.5,61,0
17649.0,138,1,868.49,0,1,1,868.49,138,1
17650.0,21,1,166.07999999999998,0,1,19,166.07999999999998,21,0
17651.0,12,10,3945.0,0,0,27,3945.0,12,0
17652.0,25,12,4867.72,0,3,27,4867.72,25,0
17653.0,37,4,1207.56,0,0,22,1207.56,37,0
17654.0,277,1,117.55,1,1,5,117.55,277,1
17655.0,11,7,2638.94,0,0,24,2638.94,11,0
17656.0,73,5,1674.69,0,0,21,1674.69,73,0
17658.0,26,2,595.42,0,1,13,595.42,26,0
17659.0,17,12,2999.46,0,0,27,2999.46,17,0
17660.0,141,1,196.0,0,1,1,196.0,141,1
17663.0,26,7,1802.91,0,0,24,1802.91,26,0
17664.0,19,2,604.64,0,1,13,604.64,19,0
17666.0,4,2,728.16,0,1,12,728.16,4,0
17667.0,66,5,2055.51,0,0,21,2055.51,66,0
17668.0,1,2,347.75,0,1,12,347.75,1,0
17669.0,43,7,3406.7200000000003,0,0,24,3406.7200000000003,43,0
17670.0,228,1,205.7,1,1,4,205.7,228,1
17671.0,16,4,1572.71,0,0,22,1572.71,16,0
17672.0,50,2,3178.17,0,0,13,3178.17,50,0
17673.0,2,6,1629.12,0,0,23,1629.12,2,0
17674.0,74,2,551.04,0,1,13,551.04,74,0
17675.0,1,31,20374.28,3,2,27,20374.28,1,0
17676.0,4,6,1387.68,0,0,23,1387.68,4,0
17677.0,2,30,16363.23,3,2,27,16363.23,2,0
17678.0,264,1,298.11,1,1,15,298.11,264,1
17679.0,53,2,1992.11,0,0,13,1992.1100000000001,53,0
17680.0,24,1,184.4,0,1,19,184.4,24,0
17682.0,10,6,2474.33,0,0,23,2474.33,10,0
17684.0,44,1,239.41,0,1,7,239.41,44,0
17685.0,17,7,3191.53,0,0,24,3191.53,17,0
17686.0,7,7,5739.46,0,3,26,5739.46,7,0
17690.0,30,15,4757.95,3,3,27,4757.95,30,0
17691.0,358,2,290.40000000000003,1,1,0,290.40000000000003,358,1
17692.0,127,4,740.94,0,3,21,740.94,127,1
17693.0,137,1,200.47,0,1,1,200.47,137,1
17694.0,142,1,283.12,0,1,1,283.12,142,1
17695.0,132,2,765.34,0,1,8,765.34,132,1
17696.0,38,8,2285.71,0,0,24,2285.71,38,0
17697.0,236,1,338.95,1,1,10,338.95,236,1
17698.0,261,1,154.95,1,1,15,154.95,261,1
17700.0,17,4,2534.64,0,0,22,2534.64,17,0
17701.0,253,1,417.95,1,1,14,417.95,253,1
17702.0,30,4,1824.37,0,0,22,1824.37,30,0
17703.0,35,3,798.74,0,0,20,798.74,35,0
17704.0,169,2,885.19,1,1,8,885.19,169,1
17705.0,3,9,1823.52,0,0,25,1823.52,3,0
17706.0,4,17,10504.49,3,3,27,10504.49,4,0
17707.0,185,2,152.4,1,1,2,152.4,185,1
17708.0,188,2,267.08,1,1,2,267.08,188,1
17709.0,170,1,137.45,1,1,4,137.45,170,1
17711.0,11,2,385.1,0,1,12,385.1,11,0
17712.0,45,1,522.91,0,1,7,522.91,45,0
17714.0,321,1,153.0,1,1,3,153.0,321,1
17715.0,201,1,326.4,1,1,4,326.4,201,1
17716.0,23,11,5655.99,0,3,27,5655.99,23,0
17718.0,232,1,139.35,1,1,10,139.35,232,1
17719.0,38,15,5396.04,3,3,27,5396.04,38,0
17720.0,26,4,1195.94,0,0,22,1195.94,26,0
17722.0,96,4,2424.04,0,0,22,2424.04,96,1
17723.0,127,6,3276.4000000000005,0,3,21,3276.4000000000005,127,1
17724.0,71,3,1033.0,0,0,20,1033.0,71,0
17725.0,16,11,3439.08,0,0,27,3439.08,16,0
17727.0,15,1,1060.25,0,0,19,1060.25,15,0
17728.0,4,3,2876.01,0,0,20,2876.01,4,0
17730.0,3,13,5298.4800000000005,0,3,27,5298.4800000000005,3,0
17731.0,79,4,1240.11,0,0,22,1240.11,79,0
17732.0,373,1,303.97,1,1,0,303.97,373,1
17733.0,39,2,692.19,0,1,13,692.19,39,0
17734.0,54,3,700.63,0,0,20,700.63,54,0
17735.0,2,19,13110.02,3,3,27,13110.02,2,0
17736.0,9,3,377.44,0,0,20,377.44,9,0
17737.0,9,2,168.24,0,1,12,168.24,9,0
17738.0,19,4,1879.05,0,0,22,1879.05,19,0
17739.0,12,7,2791.35,0,0,24,2791.35,12,0
17742.0,113,2,355.11,0,1,8,355.11,113,1
17744.0,4,6,2322.4,0,0,23,2322.4,4,0
17746.0,240,1,110.25,1,1,10,110.25,240,1
17747.0,113,1,71.4,0,1,1,71.4,113,1
17749.0,178,2,674.52,1,1,8,674.52,178,1
17750.0,5,9,1797.57,0,0,25,1797.57,5,0
17752.0,359,1,80.64,1,1,0,80.64,359,1
17754.0,1,5,1772.26,0,0,6,1772.26,1,0
17757.0,1,30,5605.29,3,2,27,5605.29,1,0
17758.0,19,8,3456.7,0,0,17,3456.7,19,0
17759.0,17,3,834.99,0,0,20,834.99,17,0
17760.0,22,2,287.59,0,1,13,287.59,22,0
17761.0,33,1,712.78,0,0,16,712.78,33,0
17763.0,263,1,15.0,1,1,15,15.0,263,1
17764.0,51,2,818.8199999999999,0,0,13,818.8199999999999,51,0
17765.0,159,3,371.88,1,1,21,371.88,159,1
17767.0,15,1,271.2,0,1,19,271.2,15,0
17768.0,8,3,2273.18,0,0,20,2273.18,8,0
17769.0,13,10,3997.98,0,0,27,3997.98,13,0
17770.0,199,5,1143.27,1,3,21,1143.27,199,1
17771.0,57,2,245.81,0,1,13,245.81,57,0
17772.0,11,2,182.77,0,1,12,182.77,11,0
17774.0,97,4,1225.41,0,0,22,1225.41,97,1
17775.0,255,1,56.4,1,1,14,56.4,255,1
17777.0,25,3,665.86,0,0,20,665.86,25,0
17779.0,21,3,658.57,0,0,20,658.57,21,0
17781.0,159,2,188.02,1,1,8,188.02,159,1
17783.0,72,2,283.47,0,1,13,283.47,72,0
17785.0,53,1,131.94,0,1,1,131.94,53,0
17786.0,85,2,278.74,0,1,13,278.74,85,0
17787.0,153,4,1865.19,1,3,21,1865.19,153,1
17788.0,74,2,1117.9,0,0,13,1117.9,74,0
17789.0,281,1,225.9,1,1,3,225.9,281,1
17790.0,27,14,1965.55,0,3,27,1965.55,27,0
17791.0,30,1,106.1,0,1,16,106.1,30,0
17793.0,25,1,323.04,0,1,19,323.04,25,0
17795.0,180,2,350.39,1,1,8,350.39,180,1
17796.0,40,4,697.9,0,0,22,697.9,40,0
17797.0,22,3,780.43,0,0,20,780.43,22,0
17799.0,22,10,3055.93,0,0,27,3055.93,22,0
17800.0,37,9,1199.01,0,0,24,1199.01,37,0
17802.0,82,3,1285.04,0,0,20,1285.04,82,0
17805.0,74,1,512.31,0,1,1,512.31,74,0
17806.0,11,1,546.04,0,1,18,546.04,11,0
17809.0,16,12,5411.91,0,3,27,5411.91,16,0
17811.0,4,39,7837.73,3,2,27,7837.7300000000005,4,0
17812.0,13,4,732.16,0,0,22,732.16,13,0
17813.0,14,5,1770.88,0,0,6,1770.88,14,0
17816.0,37,4,36.56,0,0,22,36.56,37,0
17817.0,4,3,387.68,0,0,20,387.68,4,0
17819.0,72,7,3704.87,0,0,21,3704.87,72,0
17824.0,51,1,298.4,0,1,1,298.4,51,0
17827.0,5,5,1995.46,0,0,6,1995.46,5,0
17828.0,23,4,1820.09,0,0,22,1820.09,23,0
17829.0,299,1,889.24,1,1,3,889.24,299,1
17830.0,2,3,398.7,0,0,20,398.7,2,0
17831.0,33,1,35.400000000000006,0,1,16,35.400000000000006,33,0
17832.0,50,1,155.37,0,1,1,155.37,50,0
17835.0,3,3,350.64,0,0,20,350.64,3,0
17836.0,47,1,110.21,0,1,7,110.21000000000001,47,0
17837.0,42,8,1593.38,0,0,24,1593.38,42,0
17838.0,27,5,2779.3,0,0,6,2779.3,27,0
17839.0,42,1,338.8,0,1,7,338.8,42,0
17841.0,2,124,40991.57,2,2,27,40991.57,2,0
17843.0,303,1,205.48,1,1,3,205.48,303,1
17844.0,107,1,51.559999999999995,0,1,1,51.559999999999995,107,1
17846.0,85,1,2033.1,0,0,1,2033.1,85,0
17848.0,81,9,901.2,0,3,21,901.1999999999999,81,0
17849.0,218,4,605.8000000000001,1,3,2,605.8000000000001,218,1
17850.0,372,34,5391.21,3,3,-1,5391.21,372,1
17852.0,12,2,114.34,0,1,12,114.34,12,0
17854.0,185,2,311.26,1,1,2,311.26,185,1
17855.0,373,1,208.97,1,1,0,208.97,373,1
17856.0,2,4,1418.03,0,0,22,1418.03,2,0
17857.0,4,23,26879.04,3,2,27,26879.04,4,0
17858.0,6,12,5155.66,0,3,27,5155.66,6,0
17859.0,305,1,148.21,1,1,3,148.21,305,1
17860.0,369,1,252.8,1,1,0,252.8,369,1
17861.0,3,8,2100.8,0,0,17,2100.8,3,0
17862.0,324,1,330.9,1,1,3,330.9,324,1
17863.0,59,6,3160.0,0,0,21,3160.0,59,0
17864.0,13,3,597.5,0,0,20,597.5,13,0
17865.0,31,20,10526.32,3,3,27,10526.32,31,0
17866.0,143,1,329.65000000000003,1,1,1,329.65000000000003,143,1
17867.0,30,6,1197.1,0,0,23,1197.1000000000001,30,0
17869.0,107,5,428.18,0,3,21,428.18,107,1
17870.0,2,12,1894.35,0,3,27,1894.35,2,0
17871.0,205,1,155.9,1,1,4,155.9,205,1
17873.0,80,5,1859.16,0,0,21,1859.16,80,0
17874.0,185,6,683.46,1,3,21,683.46,185,1
17877.0,170,1,237.61,1,1,4,237.61,170,1
17878.0,44,1,379.45,0,1,7,379.45,44,0
17879.0,174,1,178.52,1,1,4,178.52,174,1
17880.0,365,1,458.92,1,1,0,458.92,365,1
17881.0,304,1,133.35,1,1,3,133.35,304,1
17883.0,3,4,671.77,0,0,22,671.77,3,0
17884.0,4,4,717.45,0,0,22,717.45,4,0
17885.0,12,1,190.19,0,1,18,190.19,12,0
17886.0,32,3,899.61,0,0,20,899.61,32,0
17887.0,129,1,111.35,0,1,1,111.35,129,1
17888.0,21,8,726.05,0,0,17,726.05,21,0
17889.0,212,2,203.87,1,1,2,203.87,212,1
17890.0,323,2,602.09,1,1,2,602.09,323,1
17891.0,162,1,203.86,1,1,1,203.85999999999999,162,1
17892.0,56,3,244.1,0,0,20,244.1,56,0
17893.0,225,1,112.25,1,1,4,112.25,225,1
17894.0,72,8,1119.81,0,0,21,1119.81,72,0
17895.0,44,1,98.0,0,1,7,98.0,44,0
17896.0,23,1,256.32,0,1,19,256.32,23,0
17897.0,173,3,566.6,1,1,21,566.6,173,1
17898.0,85,2,152.06,0,1,13,152.06,85,0
17899.0,159,1,155.8,1,1,1,155.8,159,1
17900.0,190,2,112.2,1,1,2,112.19999999999999,190,1
17901.0,29,1,110.38,0,1,16,110.38,29,0
17904.0,21,1,191.67,0,1,19,191.67000000000002,21,0
17905.0,71,4,800.24,0,0,22,800.24,71,0
17906.0,247,1,72.9,1,1,9,72.9,247,1
17908.0,374,1,243.28,1,1,0,243.28,374,1
17911.0,9,1,366.23,0,1,18,366.23,9,0
17912.0,310,5,311.01,1,3,2,311.01,310,1
17913.0,59,2,411.6,0,1,13,411.6,59,0
17914.0,4,1,336.43,0,1,11,336.43,4,0
17917.0,45,3,341.28,0,0,20,341.28,45,0
17919.0,88,1,1304.04,0,0,1,1304.04,88,0
17920.0,4,17,4204.1,3,3,27,4204.1,4,0
17921.0,64,4,826.52,0,0,22,826.52,64,0
17923.0,282,1,207.50000000000003,1,1,3,207.50000000000003,282,1
17924.0,12,7,2962.5,0,0,24,2962.5,12,0
17925.0,373,1,244.08,1,1,0,244.08,373,1
17926.0,133,2,397.29,0,1,8,397.29,133,1
17928.0,45,2,212.54,0,1,13,212.54,45,0
17929.0,11,4,843.0,0,0,22,843.0,11,0
17930.0,36,5,1740.48,0,0,6,1740.48,36,0
17931.0,134,2,408.36,0,1,8,408.36,134,1
17932.0,29,3,1331.57,0,0,20,1331.57,29,0
17934.0,52,2,704.25,0,1,13,704.25,52,0
17935.0,138,2,145.79,0,1,8,145.79,138,1
17936.0,5,1,389.84,0,1,11,389.84,5,0
17937.0,9,7,4301.22,0,0,24,4301.22,9,0
17939.0,160,1,99.14,1,1,1,99.14,160,1
17940.0,49,10,4106.4400000000005,0,0,-1,4106.4400000000005,49,0
17941.0,131,1,304.56,0,1,1,304.56,131,1
17942.0,8,1,77.50000000000001,0,1,18,77.50000000000001,8,0
17946.0,233,2,149.57999999999998,1,1,2,149.57999999999998,233,1
17947.0,37,1,176.68,0,1,16,176.68,37,0
17948.0,147,1,358.56000000000006,1,1,1,358.56000000000006,147,1
17949.0,1,45,58510.48,3,2,27,58510.48,1,0
17950.0,72,3,482.2,0,0,20,482.2,72,0
17951.0,40,3,1008.54,0,0,20,1008.5400000000001,40,0
17954.0,5,12,2332.72,0,0,27,2332.72,5,0
17955.0,199,4,557.3,1,3,21,557.3,199,1
17956.0,249,1,12.75,1,1,9,12.75,249,1
17957.0,66,1,111.68,0,1,1,111.68,66,0
17958.0,117,1,508.4599999999999,0,1,1,508.4599999999999,117,1
17960.0,171,1,73.78,1,1,4,73.78,171,1
17961.0,21,39,1296.44,3,2,27,1296.44,21,0
17962.0,142,1,102.83,0,1,1,102.83,142,1
17964.0,32,2,471.7,0,1,13,471.7,32,0
17965.0,38,14,2622.57,0,3,27,2622.57,38,0
17966.0,38,5,1098.43,0,0,6,1098.43,38,0
17967.0,372,1,123.07,1,1,0,123.07,372,1
17968.0,374,1,277.35,1,1,0,277.35,374,1
17969.0,166,2,228.2,1,1,8,228.2,166,1
17970.0,211,1,582.59,1,1,4,582.59,211,1
17972.0,242,1,136.04,1,1,10,136.04,242,1
17973.0,52,1,337.04,0,1,1,337.04,52,0
17974.0,25,3,740.79,0,0,20,740.79,25,0
17975.0,15,13,4488.81,0,3,27,4488.81,15,0
17976.0,372,1,353.19,1,1,0,353.19,372,1
17977.0,29,1,288.14,0,1,16,288.14,29,0
17978.0,365,1,300.91999999999996,1,1,0,300.91999999999996,365,1
17979.0,36,4,757.71,0,0,22,757.71,36,0
17980.0,166,3,811.45,1,1,21,811.45,166,1
17984.0,145,1,152.68,1,1,1,152.68,145,1
17985.0,22,1,634.95,0,1,19,634.95,22,0
17986.0,56,1,20.8,0,1,1,20.8,56,0
17987.0,185,1,198.57,1,1,4,198.57,185,1
17988.0,12,7,201.12,0,0,24,201.12,12,0
17990.0,237,3,630.84,1,1,2,630.84,237,1
17991.0,225,2,93.35,1,1,2,93.35,225,1
17994.0,122,4,678.49,0,3,21,678.49,122,1
17995.0,282,1,76.1,1,1,3,76.1,282,1
17997.0,74,8,1970.67,0,0,21,1970.6699999999998,74,0
17999.0,37,2,382.06,0,1,13,382.06,37,0
18001.0,12,2,417.23,0,1,12,417.23,12,0
18004.0,362,1,169.47,1,1,0,169.47,362,1
18005.0,4,2,249.72,0,1,12,249.72,4,0
18006.0,23,1,444.68,0,1,19,444.68,23,0
18008.0,70,9,2116.19,0,0,21,2116.19,70,0
18009.0,235,1,257.34,1,1,10,257.34,235,1
18010.0,257,1,174.8,1,1,14,174.8,257,1
18011.0,373,1,102.79,1,1,0,102.78999999999999,373,1
18013.0,155,2,187.29,1,1,8,187.29,155,1
18014.0,28,1,166.42,0,1,16,166.42,28,0
18015.0,4,1,120.03,0,1,11,120.03,4,0
18016.0,32,5,1483.56,0,0,6,1483.56,32,0
18017.0,81,3,523.0,0,0,20,523.0,81,0
18018.0,108,2,122.14,0,1,8,122.14,108,1
18019.0,52,1,38.45,0,1,1,38.45,52,0
18022.0,36,1,668.11,0,0,16,668.11,36,0
18024.0,153,2,389.78,1,1,8,389.78,153,1
18027.0,99,1,115.31,0,1,1,115.31,99,1
18030.0,4,2,230.65,0,1,12,230.64999999999998,4,0
18032.0,334,1,73.5,1,1,2,73.5,334,1
18033.0,65,1,97.97,0,1,1,97.97,65,0
18034.0,22,2,422.88,0,1,13,422.88,22,0
18035.0,36,3,730.4,0,0,20,730.4,36,0
18036.0,32,3,405.62,0,0,20,405.62,32,0
18037.0,154,6,70.02,1,3,21,70.02,154,1
18040.0,19,2,357.20000000000005,0,1,13,357.20000000000005,19,0
18041.0,12,21,4183.39,3,3,27,4183.39,12,0
18042.0,54,1,165.04999999999998,0,1,1,165.04999999999998,54,0
18043.0,25,3,559.51,0,0,20,559.51,25,0
18044.0,4,10,2088.6,0,0,27,2088.6,4,0
18045.0,45,1,189.4,0,1,7,189.4,45,0
18048.0,203,2,172.29000000000002,1,1,2,172.29000000000002,203,1
18050.0,359,1,74.4,1,1,0,74.4,359,1
18053.0,71,1,300.02,0,1,1,300.02,71,0
18055.0,7,10,6784.1900000000005,0,3,27,6784.1900000000005,7,0
18056.0,288,1,363.65,1,1,3,363.65,288,1
18058.0,10,1,170.16,0,1,18,170.16,10,0
18059.0,23,3,306.46,0,0,20,306.46,23,0
18061.0,22,10,2119.41,0,0,27,2119.41,22,0
18062.0,173,3,720.52,1,1,21,720.52,173,1
18064.0,133,2,814.0,0,1,8,814.0,133,1
18065.0,6,14,2392.83,0,3,27,2392.83,6,0
18066.0,75,1,318.0,0,1,1,318.0,75,0
18067.0,40,1,396.33,0,1,16,396.33,40,0
18068.0,289,1,101.7,1,1,3,101.7,289,1
18069.0,26,5,2036.67,0,0,6,2036.67,26,0
18071.0,258,2,453.0,1,1,2,453.0,258,1
18072.0,186,1,247.44,1,1,4,247.44,186,1
18073.0,114,12,3877.52,0,3,-1,3877.5200000000004,114,1
18074.0,374,1,489.6,1,1,0,489.6,374,1
18075.0,23,10,2611.75,0,0,27,2611.75,23,0
18077.0,8,11,2633.01,0,0,27,2633.01,8,0
18078.0,217,2,336.13,1,1,2,336.13,217,1
18079.0,45,4,3651.97,0,0,22,3651.97,45,0
18080.0,19,2,1231.5,0,0,13,1231.5,19,0
18081.0,36,3,343.45,0,0,20,343.45,36,0
18082.0,26,1,703.37,0,0,19,703.37,26,0
18084.0,16,1,90.48,0,1,19,90.48,16,0
18085.0,330,2,689.95,1,1,2,689.95,330,1
18086.0,274,1,101.34,1,1,5,101.34,274,1
18087.0,98,2,4055.7199999999993,0,3,-1,4055.7199999999993,98,1
18088.0,61,1,167.67000000000002,0,1,1,167.67000000000002,61,0
18092.0,2,11,9068.26,0,3,-1,9068.26,2,0
18093.0,93,4,2106.52,0,0,22,2106.52,93,1
18094.0,82,7,3017.3,0,0,21,3017.3,82,0
18095.0,313,2,580.05,1,1,2,580.05,313,1
18096.0,12,3,911.15,0,0,20,911.15,12,0
18097.0,8,6,2697.8,0,0,23,2697.8,8,0
18099.0,127,1,168.31,0,1,1,168.31,127,1
18101.0,11,2,223.65,0,1,12,223.65,11,0
18102.0,1,60,259657.3,2,2,27,259657.3,1,0
18104.0,37,1,754.64,0,0,16,754.64,37,0
18105.0,38,1,113.48000000000002,0,1,16,113.48000000000002,38,0
18106.0,330,1,430.7,1,1,2,430.7,330,1
18108.0,254,1,271.0,1,1,14,271.0,254,1
18109.0,2,26,8052.97,3,2,27,8052.97,2,0
18110.0,20,1,236.3,0,1,19,236.3,20,0
18112.0,12,2,352.69,0,1,12,352.69,12,0
18113.0,369,1,76.32000000000001,1,1,0,76.32000000000001,369,1
18114.0,290,1,220.1,1,1,3,220.1,290,1
18116.0,68,8,1418.03,0,0,21,1418.03,68,0
18117.0,26,1,320.71999999999997,0,1,19,320.71999999999997,26,0
18118.0,11,26,5653.82,3,2,27,5653.82,11,0
18119.0,368,1,181.12,1,1,0,181.12,368,1
18120.0,214,1,111.15,1,1,4,111.15,214,1
18121.0,149,2,673.1,1,1,8,673.1,149,1
18122.0,8,6,1826.21,0,0,23,1826.21,8,0
18123.0,24,2,589.4399999999999,0,1,13,589.4399999999999,24,0
18125.0,30,4,1142.99,0,0,22,1142.99,30,0
18126.0,61,1,206.83,0,1,1,206.83,61,0
18127.0,19,3,348.73,0,0,20,348.73,19,0
18129.0,243,1,112.55,1,1,10,112.55000000000001,243,1
18130.0,15,3,1059.39,0,0,20,1059.39,15,0
18133.0,212,1,931.5,1,1,4,931.5,212,1
18135.0,29,5,681.91,0,0,6,681.91,29,0
18136.0,63,3,784.33,0,0,20,784.33,63,0
18138.0,295,1,152.65,1,1,3,152.65,295,1
18139.0,18,6,8438.34,0,3,26,8438.34,18,0
18142.0,157,2,1019.52,1,1,8,1019.52,157,1
18143.0,117,2,1000.16,0,1,8,1000.16,117,1
18144.0,8,12,2888.75,0,0,27,2888.75,8,0
18145.0,13,4,2861.5499999999997,0,0,22,2861.5499999999997,13,0
18146.0,141,2,160.35,0,1,8,160.35,141,1
18147.0,46,2,179.34,0,1,13,179.34,46,0
18149.0,51,3,612.0799999999999,0,0,20,612.0799999999999,51,0
18150.0,32,3,566.58,0,0,20,566.58,32,0
18151.0,135,2,653.35,0,1,8,653.35,135,1
18154.0,3,2,399.19,0,1,12,399.19,3,0
18155.0,75,3,371.62,0,0,20,371.62,75,0
18156.0,13,2,734.94,0,1,12,734.94,13,0
18158.0,9,2,453.4,0,1,12,453.4,9,0
18159.0,301,1,530.15,1,1,3,530.15,301,1
18160.0,57,2,638.0600000000001,0,1,13,638.0600000000001,57,0
18161.0,15,5,1618.69,0,0,6,1618.69,15,0
18164.0,37,1,399.65,0,1,16,399.65,37,0
18165.0,177,1,302.46,1,1,4,302.46,177,1
18167.0,23,3,1384.86,0,0,20,1384.8600000000001,23,0
18168.0,176,6,1169.94,1,3,21,1169.94,176,1
18169.0,61,1,202.65,0,1,1,202.65,61,0
18170.0,33,3,980.31,0,0,20,980.3100000000001,33,0
18171.0,59,5,1231.31,0,0,21,1231.31,59,0
18172.0,15,20,7561.68,3,3,27,7561.68,15,0
18173.0,87,4,2106.84,0,0,22,2106.84,87,0
18174.0,7,1,104.0,0,1,18,104.0,7,0
18176.0,358,1,476.35,1,1,0,476.35,358,1
18177.0,31,6,1341.42,0,0,23,1341.42,31,0
18178.0,129,4,1590.81,0,3,21,1590.81,129,1
18179.0,9,6,1793.17,0,0,23,1793.17,9,0
18180.0,5,6,1843.75,0,0,23,1843.75,5,0
18181.0,24,1,382.8,0,1,19,382.8,24,0
18183.0,227,2,632.07,1,1,2,632.07,227,1
18184.0,15,1,49.8,0,1,19,49.8,15,0
18185.0,249,1,304.25,1,1,9,304.25,249,1
18188.0,15,3,2001.04,0,0,20,2001.04,15,0
18189.0,78,2,1090.24,0,0,13,1090.24,78,0
18190.0,192,2,284.46000000000004,1,1,2,284.46000000000004,192,1
18191.0,262,1,207.8,1,1,15,207.8,262,1
18192.0,72,1,957.97,0,0,1,957.97,72,0
18193.0,165,1,243.76,1,1,1,243.76,165,1
18194.0,82,1,973.84,0,0,1,973.84,82,0
18196.0,95,2,689.13,0,1,13,689.13,95,1
18198.0,4,17,5425.56,3,3,27,5425.56,4,0
18200.0,106,1,163.8,0,1,1,163.8,106,1
18202.0,200,3,1396.99,1,3,21,1396.99,200,1
18203.0,157,1,160.42000000000002,1,1,1,160.42000000000002,157,1
18204.0,71,3,1993.7,0,0,20,1993.7,71,0
18205.0,36,2,517.36,0,1,13,517.36,36,0
18209.0,29,1,139.10000000000002,0,1,16,139.10000000000002,29,0
18210.0,2,6,2621.38,0,0,23,2621.38,2,0
18211.0,26,5,600.07,0,0,6,600.07,26,0
18212.0,326,1,248.42,1,1,3,248.42,326,1
18213.0,237,1,232.48,1,1,10,232.48000000000002,237,1
18215.0,89,1,299.34000000000003,0,1,1,299.34000000000003,89,0
18216.0,31,1,481.75,0,1,16,481.75,31,0
18217.0,29,2,621.75,0,1,13,621.75,29,0
18218.0,211,2,662.08,1,1,2,662.08,211,1
18219.0,3,10,2069.77,0,0,27,2069.77,3,0
18220.0,227,1,305.28,1,1,4,305.28,227,1
18221.0,22,5,1041.61,0,0,6,1041.61,22,0
18222.0,93,1,443.0,0,1,1,443.0,93,1
18223.0,5,14,6484.54,3,3,27,6484.54,5,0
18224.0,264,1,158.95000000000002,1,1,15,158.95000000000002,264,1
18225.0,3,12,5509.12,0,3,27,5509.12,3,0
18226.0,44,11,5228.05,0,3,27,5228.05,44,0
18227.0,218,1,93.75,1,1,4,93.75,218,1
18228.0,57,2,779.9,0,1,13,779.9,57,0
18229.0,12,20,7276.9,3,3,27,7276.9,12,0
18230.0,9,7,2810.2000000000003,0,0,24,2810.2000000000003,9,0
18231.0,192,5,2083.27,1,3,21,2083.27,192,1
18232.0,82,4,592.97,0,0,22,592.97,82,0
18233.0,326,1,440.0,1,1,3,440.0,326,1
18235.0,72,3,1796.48,0,0,20,1796.48,72,0
18236.0,30,6,882.24,0,0,23,882.24,30,0
18237.0,3,5,987.1,0,0,6,987.1,3,0
18239.0,219,5,1561.61,1,3,2,1561.6100000000001,219,1
18240.0,46,1,422.58,0,1,7,422.58,46,0
18241.0,10,17,2073.09,3,3,27,2073.09,10,0
18242.0,72,4,2232.49,0,0,22,2232.4900000000002,72,0
18245.0,7,7,2567.06,0,0,24,2567.06,7,0
18246.0,24,2,596.1,0,1,13,596.1,24,0
18248.0,123,2,804.02,0,1,8,804.02,123,1
18249.0,17,1,95.34,0,1,19,95.34,17,0
18250.0,310,1,349.27,1,1,3,349.27,310,1
18251.0,87,1,4314.72,0,3,-1,4314.72,87,0
18252.0,51,2,526.67,0,1,13,526.67,51,0
18255.0,89,1,103.3,0,1,1,103.30000000000001,89,0
18257.0,39,8,2337.63,0,0,24,2337.63,39,0
18259.0,25,3,2338.6,0,0,20,2338.6,25,0
18260.0,173,6,2643.2,1,3,21,2643.2,173,1
18261.0,43,2,324.24,0,1,13,324.24,43,0
18262.0,140,1,149.48,0,1,1,149.48,140,1
18263.0,26,3,1213.16,0,0,20,1213.16,26,0
18265.0,72,2,801.51,0,1,13,801.51,72,0
18268.0,134,1,25.5,0,1,1,25.5,134,1
18269.0,366,1,168.6,1,1,0,168.6,366,1
18270.0,38,2,283.15000000000003,0,1,13,283.15000000000003,38,0
18272.0,3,6,3078.58,0,0,23,3078.58,3,0
18273.0,2,3,204.0,0,0,20,204.0,2,0
18274.0,30,1,175.92,0,1,16,175.92,30,0
18276.0,44,1,335.86,0,1,7,335.86,44,0
18277.0,58,1,110.38,0,1,1,110.38,58,0
18278.0,74,1,173.9,0,1,1,173.9,74,0
18280.0,278,1,180.6,1,1,5,180.60000000000002,278,1
18281.0,181,1,80.82,1,1,4,80.82,181,1
18282.0,8,2,178.05,0,1,12,178.05,8,0
18283.0,4,16,2094.88,3,3,27,2094.88,4,0
18287.0,43,3,1837.28,0,0,20,1837.28,43,0
